id,month,region,state,customer,category,product,units,revenue,cost,profit,margin_pct
1,Jun,South,NC,Customer_211,Electronics,Laptop,35,10376.55,6595.66,3780.89,36.44
2,Sep,South,GA,Customer_108,Furniture,Sofa,5,1932.7,1205.79,726.91,37.61
3,Jan,Midwest,IL,Customer_148,Food,Snacks,38,1261.4,985.42,275.98,21.88
4,Jan,Midwest,OH,Customer_37,Software,Security,35,7425.16,3966.06,3459.1,46.59
5,Nov,South,GA,Customer_25,Food,Tea,36,1602.29,1007.55,594.74,37.12
6,Oct,South,NC,Customer_120,Health,Protein,38,4554.81,2522.39,2032.42,44.62
7,Apr,South,FL,Customer_135,Furniture,Cabinet,32,16632.92,11474.96,5157.96,31.01
8,May,Midwest,IL,Customer_43,Furniture,Sofa,22,8094.17,4863.92,3230.25,39.91
9,Jan,North,PA,Customer_153,Sports,Weights,32,3644.78,2146.03,1498.75,41.12
10,Feb,East,DE,Customer_188,Furniture,Desk,20,8966.04,7060.27,1905.77,21.26
11,Aug,East,DE,Customer_119,Sports,Ball,23,2236.58,1036.26,1200.32,53.67
12,Jan,South,TX,Customer_102,Clothing,Shirt,26,2642.03,1595.01,1047.02,39.63
13,Mar,West,NV,Customer_210,Software,ERP,28,8968.9,4690.88,4278.02,47.7
14,Jul,East,DE,Customer_22,Food,Coffee,12,367.77,244.07,123.7,33.64
15,Jan,West,WA,Customer_2,Software,Analytics,10,2493.4,1387.89,1105.51,44.34
16,Oct,East,MD,Customer_200,Electronics,Monitor,36,12551.99,7124.79,5427.2,43.24
17,Feb,West,NV,Customer_18,Electronics,Tablet,14,4749.56,2188.0,2561.56,53.93
18,Oct,North,NY,Customer_138,Electronics,Tablet,7,3122.46,2020.49,1101.97,35.29
19,Feb,South,NC,Customer_89,Clothing,Pants,39,3092.82,1439.56,1653.26,53.45
20,Aug,West,NV,Customer_22,Office,Ink,10,468.1,255.95,212.15,45.32
21,May,West,WA,Customer_136,Electronics,Tablet,24,7335.73,4555.3,2780.43,37.9
22,Jan,Midwest,MI,Customer_133,Furniture,Cabinet,24,12009.54,6624.55,5384.99,44.84
23,Apr,Midwest,MI,Customer_207,Food,Coffee,16,677.13,469.76,207.37,30.62
24,Apr,South,NC,Customer_8,Sports,Ball,18,2051.52,1008.63,1042.89,50.83
25,Oct,East,DE,Customer_21,Sports,Weights,15,1404.28,834.04,570.24,40.61
26,Jun,South,NC,Customer_168,Electronics,Monitor,23,9658.57,4359.57,5299.0,54.86
27,Nov,North,NJ,Customer_46,Food,Meals,28,1287.74,699.28,588.46,45.7
28,Dec,West,NV,Customer_186,Health,Vitamins,11,1017.31,475.09,542.22,53.3
29,Mar,Midwest,MN,Customer_169,Clothing,Shoes,23,1716.4,1069.09,647.31,37.71
30,Jan,North,NY,Customer_50,Clothing,Shoes,14,920.22,458.94,461.28,50.13
31,Sep,South,TX,Customer_214,Software,Security,9,1943.26,1348.18,595.08,30.62
32,Aug,Midwest,MN,Customer_135,Clothing,Shirt,33,2270.23,1323.19,947.04,41.72
33,Mar,Midwest,IL,Customer_37,Clothing,Shirt,31,2923.67,1358.12,1565.55,53.55
34,Jan,East,DE,Customer_64,Furniture,Desk,13,4867.78,3435.37,1432.41,29.43
35,Sep,West,CA,Customer_84,Furniture,Sofa,40,21616.23,13926.71,7689.52,35.57
36,Apr,East,DE,Customer_179,Office,Printer,34,2315.56,1779.76,535.8,23.14
37,May,Midwest,OH,Customer_107,Office,Printer,8,438.32,235.34,202.98,46.31
38,Nov,South,NC,Customer_172,Furniture,Chair,20,11013.78,8281.26,2732.52,24.81
39,Mar,East,MD,Customer_120,Software,ERP,15,4576.03,2081.3,2494.73,54.52
40,Aug,South,FL,Customer_132,Clothing,Shoes,26,2142.72,1055.13,1087.59,50.76
41,Jun,North,PA,Customer_142,Electronics,Phone,30,10712.41,4570.88,6141.53,57.33
42,Jun,Midwest,MI,Customer_202,Furniture,Desk,15,8100.84,3716.41,4384.43,54.12
43,May,East,VA,Customer_194,Clothing,Pants,9,925.56,679.68,245.88,26.57
44,Nov,East,DE,Customer_180,Clothing,Shoes,21,1658.63,731.93,926.7,55.87
45,Dec,South,NC,Customer_5,Furniture,Cabinet,6,3328.66,1501.17,1827.49,54.9
46,Apr,North,PA,Customer_3,Furniture,Sofa,22,11985.69,6886.63,5099.06,42.54
47,May,Midwest,OH,Customer_29,Electronics,Tablet,11,3584.15,1745.57,1838.58,51.3
48,May,East,MD,Customer_129,Software,Security,12,2918.01,2093.27,824.74,28.26
49,May,North,NY,Customer_132,Electronics,Tablet,31,10012.81,5861.6,4151.21,41.46
50,Nov,West,NV,Customer_177,Health,Protein,14,1889.06,1032.94,856.12,45.32
51,Dec,South,NC,Customer_215,Sports,Ball,9,878.96,572.57,306.39,34.86
52,May,West,WA,Customer_171,Electronics,Laptop,25,10808.6,7221.24,3587.36,33.19
53,May,Midwest,OH,Customer_118,Software,CRM,12,2741.75,1603.8,1137.95,41.5
54,May,East,DC,Customer_9,Sports,Shoes,20,1999.65,975.22,1024.43,51.23
55,Jun,West,CA,Customer_129,Office,Ink,13,660.72,467.27,193.45,29.28
56,Feb,East,VA,Customer_151,Clothing,Shoes,3,241.52,128.22,113.3,46.91
57,Nov,South,GA,Customer_196,Clothing,Shoes,21,2278.32,1373.49,904.83,39.71
58,May,Midwest,OH,Customer_188,Electronics,Monitor,33,10044.5,6165.22,3879.28,38.62
59,Sep,Midwest,IL,Customer_8,Food,Snacks,3,90.99,50.36,40.63,44.65
60,Feb,West,NV,Customer_161,Electronics,Laptop,35,13270.61,7976.15,5294.46,39.9
61,Jan,West,CA,Customer_191,Furniture,Desk,31,11454.89,5126.6,6328.29,55.25
62,May,South,FL,Customer_127,Food,Meals,25,733.57,555.22,178.35,24.31
63,May,North,MA,Customer_85,Furniture,Chair,17,8037.98,5436.63,2601.35,32.36
64,Oct,Midwest,OH,Customer_16,Electronics,Monitor,32,10465.13,6997.41,3467.72,33.14
65,Dec,South,NC,Customer_119,Software,Analytics,30,8864.59,4111.81,4752.78,53.62
66,Sep,South,TX,Customer_5,Furniture,Sofa,19,8215.29,5942.63,2272.66,27.66
67,Aug,East,DE,Customer_20,Food,Coffee,38,1124.05,782.98,341.07,30.34
68,May,East,MD,Customer_181,Software,CRM,24,5713.92,4297.73,1416.19,24.78
69,Aug,West,CA,Customer_126,Clothing,Jacket,29,2471.68,1703.13,768.55,31.09
70,Jul,East,DE,Customer_216,Sports,Ball,22,1938.11,1352.36,585.75,30.22
71,Jul,North,MA,Customer_65,Electronics,Phone,24,6992.9,3946.51,3046.39,43.56
72,Oct,North,PA,Customer_219,Health,Protein,4,357.32,156.9,200.42,56.09
73,Nov,East,MD,Customer_112,Food,Tea,33,1216.89,859.22,357.67,29.39
74,Jul,North,NJ,Customer_13,Food,Snacks,27,969.03,676.86,292.17,30.15
75,Nov,East,DE,Customer_44,Electronics,Tablet,31,12023.72,6303.39,5720.33,47.58
76,May,East,DE,Customer_124,Food,Tea,36,1429.39,663.67,765.72,53.57
77,Nov,South,GA,Customer_141,Food,Meals,15,592.8,321.98,270.82,45.68
78,Aug,West,WA,Customer_24,Food,Coffee,12,407.81,185.03,222.78,54.63
79,Apr,East,DC,Customer_192,Food,Snacks,27,936.89,652.04,284.85,30.4
80,Apr,West,AZ,Customer_128,Sports,Ball,18,2152.54,1190.9,961.64,44.67
81,Nov,Midwest,OH,Customer_64,Furniture,Cabinet,25,11548.6,6755.56,4793.04,41.5
82,May,North,MA,Customer_182,Electronics,Monitor,31,13932.93,8376.97,5555.96,39.88
83,Feb,West,NV,Customer_201,Office,Printer,7,333.53,158.85,174.68,52.37
84,Nov,North,NJ,Customer_1,Furniture,Desk,9,3809.93,2896.96,912.97,23.96
85,Nov,East,MD,Customer_179,Software,Security,8,1944.16,1032.6,911.56,46.89
86,Oct,South,NC,Customer_203,Software,ERP,39,8117.84,5023.86,3093.98,38.11
87,Aug,East,DC,Customer_135,Food,Meals,16,601.16,259.0,342.16,56.92
88,Jul,East,VA,Customer_128,Electronics,Tablet,27,7943.16,4005.74,3937.42,49.57
89,Jul,East,MD,Customer_179,Office,Paper,22,1402.59,777.12,625.47,44.59
90,Jul,South,GA,Customer_53,Software,CRM,32,10690.61,5723.06,4967.55,46.47
91,Apr,South,NC,Customer_195,Food,Tea,19,568.25,369.78,198.47,34.93
92,Oct,South,FL,Customer_171,Office,Stapler,4,280.36,132.94,147.42,52.58
93,Jul,North,MA,Customer_107,Electronics,Tablet,4,1616.9,789.24,827.66,51.19
94,Aug,East,VA,Customer_85,Furniture,Chair,13,4874.45,3735.17,1139.28,23.37
95,Dec,West,CA,Customer_215,Software,Security,24,8871.66,5178.4,3693.26,41.63
96,Feb,North,NY,Customer_90,Software,CRM,27,8521.36,3969.01,4552.35,53.42
97,Apr,West,AZ,Customer_23,Software,Security,4,1198.73,590.27,608.46,50.76
98,Sep,West,WA,Customer_189,Sports,Weights,31,2779.63,1589.94,1189.69,42.8
99,Nov,West,CA,Customer_119,Health,Vitamins,5,627.87,278.11,349.76,55.71
100,Apr,North,PA,Customer_86,Sports,Weights,40,3615.89,2517.32,1098.57,30.38
101,Dec,East,DC,Customer_185,Software,CRM,39,14034.3,9186.47,4847.83,34.54
102,Feb,North,MA,Customer_184,Furniture,Sofa,30,15285.15,8605.7,6679.45,43.7
103,May,West,NV,Customer_47,Clothing,Shoes,1,102.11,70.79,31.32,30.67
104,Dec,South,FL,Customer_118,Sports,Weights,24,3461.33,2216.69,1244.64,35.96
105,Sep,South,NC,Customer_105,Clothing,Shirt,5,478.03,285.97,192.06,40.18
106,Sep,East,MD,Customer_19,Health,Vitamins,17,1796.37,892.95,903.42,50.29
107,Jul,West,NV,Customer_35,Clothing,Shirt,27,2364.91,1773.13,591.78,25.02
108,Apr,Midwest,IL,Customer_72,Software,Analytics,37,8983.47,4617.51,4365.96,48.6
109,May,South,NC,Customer_63,Food,Coffee,16,490.93,366.79,124.14,25.29
110,Oct,South,TX,Customer_65,Furniture,Sofa,16,7080.61,3580.03,3500.58,49.44
111,Feb,West,CA,Customer_122,Furniture,Desk,15,7303.36,5538.28,1765.08,24.17
112,Jan,East,MD,Customer_49,Furniture,Desk,39,20018.96,12727.69,7291.27,36.42
113,Feb,East,MD,Customer_199,Office,Ink,1,44.56,28.54,16.02,35.95
114,Oct,East,MD,Customer_88,Electronics,Phone,10,2877.29,2272.92,604.37,21.0
115,Jan,Midwest,OH,Customer_105,Electronics,Phone,24,7122.73,3814.31,3308.42,46.45
116,Apr,North,NJ,Customer_105,Office,Paper,7,461.2,307.02,154.18,33.43
117,Mar,Midwest,IL,Customer_179,Clothing,Shoes,18,1537.49,806.91,730.58,47.52
118,May,West,CA,Customer_107,Software,Analytics,27,5679.93,3996.77,1683.16,29.63
119,Jun,South,NC,Customer_2,Health,Bandage,28,3327.17,1919.08,1408.09,42.32
120,Feb,West,AZ,Customer_34,Office,Printer,1,43.15,20.4,22.75,52.72
121,Jul,North,PA,Customer_90,Clothing,Shirt,19,1422.67,687.95,734.72,51.64
122,Feb,North,NJ,Customer_78,Office,Printer,9,573.07,249.91,323.16,56.39
123,Aug,East,VA,Customer_183,Health,Vitamins,40,4347.61,3259.49,1088.12,25.03
124,Nov,South,NC,Customer_47,Food,Meals,37,1294.97,735.42,559.55,43.21
125,Sep,South,NC,Customer_39,Sports,Ball,16,2262.21,1632.84,629.37,27.82
126,Apr,North,NY,Customer_100,Sports,Ball,39,4409.55,3237.2,1172.35,26.59
127,May,West,AZ,Customer_100,Food,Meals,24,859.65,500.48,359.17,41.78
128,Jan,North,NJ,Customer_115,Office,Printer,40,2487.07,1466.29,1020.78,41.04
129,Mar,West,NV,Customer_33,Furniture,Desk,23,9807.79,4452.09,5355.7,54.61
130,Aug,Midwest,IL,Customer_22,Electronics,Tablet,21,8737.81,5323.5,3414.31,39.08
131,Jan,Midwest,MN,Customer_220,Clothing,Jacket,5,524.09,362.08,162.01,30.91
132,Feb,South,FL,Customer_208,Office,Ink,11,656.98,451.21,205.77,31.32
133,Apr,North,PA,Customer_83,Software,ERP,40,9749.96,7037.34,2712.62,27.82
134,Mar,East,DE,Customer_158,Food,Tea,33,1061.1,591.82,469.28,44.23
135,Apr,South,NC,Customer_174,Clothing,Pants,21,2227.16,1074.46,1152.7,51.76
136,May,North,NY,Customer_143,Sports,Tracker,34,4076.68,3043.4,1033.28,25.35
137,Feb,East,DE,Customer_97,Sports,Weights,24,2730.41,1510.72,1219.69,44.67
138,Feb,West,WA,Customer_76,Clothing,Jacket,34,2544.6,1670.58,874.02,34.35
139,Oct,East,VA,Customer_39,Electronics,Tablet,19,7368.37,4273.11,3095.26,42.01
140,Sep,East,VA,Customer_59,Clothing,Shoes,40,3830.28,1640.31,2189.97,57.18
141,Jan,Midwest,MI,Customer_134,Software,CRM,23,6061.95,3472.88,2589.07,42.71
142,May,Midwest,OH,Customer_160,Food,Tea,31,954.05,405.68,548.37,57.48
143,Apr,South,NC,Customer_164,Furniture,Desk,10,5189.7,3681.56,1508.14,29.06
144,Jul,East,VA,Customer_153,Electronics,Phone,38,13590.97,10420.85,3170.12,23.33
145,Dec,West,WA,Customer_12,Clothing,Jacket,4,398.6,227.29,171.31,42.98
146,Apr,South,GA,Customer_157,Furniture,Desk,36,17061.41,8411.03,8650.38,50.7
147,Jul,South,NC,Customer_17,Clothing,Pants,20,1892.07,1490.58,401.49,21.22
148,Dec,West,CA,Customer_191,Health,Monitor,30,2634.15,1745.25,888.9,33.75
149,Mar,South,GA,Customer_165,Software,ERP,3,672.07,503.9,168.17,25.02
150,Dec,East,VA,Customer_176,Software,Security,34,12504.54,6619.63,5884.91,47.06
151,Apr,North,NY,Customer_61,Clothing,Pants,13,1405.95,978.65,427.3,30.39
152,Jun,South,NC,Customer_98,Sports,Shoes,35,3983.77,2910.91,1072.86,26.93
153,Dec,North,NY,Customer_147,Health,Bandage,20,2496.72,1410.34,1086.38,43.51
154,Oct,North,MA,Customer_7,Clothing,Jacket,8,580.27,443.16,137.11,23.63
155,Jun,South,GA,Customer_36,Electronics,Laptop,3,1205.93,835.24,370.69,30.74
156,Feb,Midwest,MI,Customer_194,Food,Snacks,25,709.52,352.01,357.51,50.39
157,Feb,North,NY,Customer_123,Furniture,Cabinet,7,2419.65,1725.28,694.37,28.7
158,Nov,South,TX,Customer_109,Sports,Weights,17,1667.11,858.53,808.58,48.5
159,May,North,PA,Customer_218,Sports,Tracker,19,2318.1,1000.17,1317.93,56.85
160,Jul,North,NJ,Customer_121,Furniture,Cabinet,4,1795.82,898.15,897.67,49.99
161,Feb,Midwest,MI,Customer_1,Clothing,Shoes,34,2473.74,1736.58,737.16,29.8
162,Jan,North,PA,Customer_126,Office,Paper,12,804.8,514.46,290.34,36.08
163,Sep,East,MD,Customer_180,Software,ERP,15,4091.72,1884.94,2206.78,53.93
164,Nov,North,NJ,Customer_92,Furniture,Cabinet,7,3236.05,1831.61,1404.44,43.4
165,Dec,North,NJ,Customer_53,Electronics,Phone,20,7173.3,5404.72,1768.58,24.66
166,Sep,South,NC,Customer_33,Food,Meals,35,1343.88,907.14,436.74,32.5
167,Oct,North,PA,Customer_216,Sports,Shoes,29,3608.05,2505.92,1102.13,30.55
168,Mar,West,NV,Customer_33,Software,ERP,22,5897.37,4408.26,1489.11,25.25
169,Apr,Midwest,OH,Customer_194,Software,Analytics,40,9123.89,4358.62,4765.27,52.23
170,Apr,East,DC,Customer_84,Clothing,Shirt,13,1026.93,794.16,232.77,22.67
171,Feb,South,GA,Customer_39,Food,Meals,10,398.15,275.25,122.9,30.87
172,Jul,East,MD,Customer_72,Furniture,Desk,14,7306.63,4322.96,2983.67,40.84
173,Jan,West,NV,Customer_119,Food,Tea,2,57.92,37.26,20.66,35.67
174,Jul,North,MA,Customer_217,Health,Monitor,15,1615.88,1068.77,547.11,33.86
175,Nov,Midwest,OH,Customer_117,Clothing,Jacket,28,2504.14,1633.86,870.28,34.75
176,Feb,West,WA,Customer_65,Health,Bandage,28,2631.55,1124.39,1507.16,57.27
177,Jul,Midwest,OH,Customer_100,Sports,Ball,32,4414.42,2027.81,2386.61,54.06
178,May,Midwest,OH,Customer_133,Clothing,Shirt,23,1662.81,1051.87,610.94,36.74
179,Sep,South,NC,Customer_134,Electronics,Phone,22,7739.84,5965.48,1774.36,22.93
180,Apr,South,NC,Customer_164,Furniture,Cabinet,4,1556.06,873.38,682.68,43.87
181,Jan,North,NY,Customer_161,Health,Monitor,23,2262.75,1041.83,1220.92,53.96
182,May,West,WA,Customer_55,Health,Monitor,11,903.56,639.13,264.43,29.27
183,Nov,South,NC,Customer_91,Food,Coffee,27,1074.9,568.52,506.38,47.11
184,Sep,South,NC,Customer_69,Sports,Shoes,25,3145.25,2464.84,680.41,21.63
185,Nov,South,NC,Customer_92,Electronics,Phone,16,6943.56,3739.24,3204.32,46.15
186,Aug,West,CA,Customer_78,Sports,Shoes,25,2278.46,1654.9,623.56,27.37
187,Jun,South,TX,Customer_54,Electronics,Laptop,5,1973.96,1011.67,962.29,48.75
188,Feb,Midwest,OH,Customer_199,Food,Coffee,29,938.43,447.15,491.28,52.35
189,Jul,Midwest,OH,Customer_51,Furniture,Cabinet,32,15407.57,9497.14,5910.43,38.36
190,Dec,West,CA,Customer_108,Furniture,Cabinet,15,8409.74,5004.63,3405.11,40.49
191,Sep,North,NJ,Customer_180,Office,Printer,32,1624.98,781.47,843.51,51.91
192,Oct,North,MA,Customer_179,Sports,Tracker,37,4268.63,2261.62,2007.01,47.02
193,Aug,East,DE,Customer_47,Health,Vitamins,24,2549.18,1097.56,1451.62,56.94
194,Oct,North,PA,Customer_125,Furniture,Sofa,10,3431.18,2352.86,1078.32,31.43
195,Nov,South,TX,Customer_88,Furniture,Cabinet,31,17032.61,10645.83,6386.78,37.5
196,Apr,East,DE,Customer_65,Sports,Tracker,36,3272.39,1724.5,1547.89,47.3
197,Jun,West,NV,Customer_130,Sports,Weights,23,3257.37,2156.99,1100.38,33.78
198,Feb,East,MD,Customer_33,Sports,Weights,38,5108.19,2310.96,2797.23,54.76
199,Jan,West,NV,Customer_77,Electronics,Monitor,7,1869.23,916.44,952.79,50.97
200,Aug,Midwest,IL,Customer_161,Health,Bandage,39,4587.39,2067.59,2519.8,54.93
201,Jan,West,WA,Customer_10,Furniture,Chair,27,12790.43,9697.84,3092.59,24.18
202,Nov,North,PA,Customer_144,Clothing,Pants,17,1957.03,955.75,1001.28,51.16
203,Jan,East,VA,Customer_128,Health,Vitamins,37,3543.2,2569.39,973.81,27.48
204,Jul,Midwest,MN,Customer_4,Office,Paper,25,1508.28,1187.71,320.57,21.25
205,Nov,South,NC,Customer_22,Health,Vitamins,31,2935.44,1397.72,1537.72,52.38
206,Jan,West,CA,Customer_220,Electronics,Laptop,6,1813.7,843.19,970.51,53.51
207,Aug,North,PA,Customer_188,Food,Meals,12,529.79,294.23,235.56,44.46
208,Dec,South,GA,Customer_118,Software,Security,17,6110.37,2685.41,3424.96,56.05
209,Jan,North,NY,Customer_100,Electronics,Laptop,20,6359.05,4082.79,2276.26,35.8
210,Aug,Midwest,IL,Customer_148,Sports,Weights,29,3301.33,1589.9,1711.43,51.84
211,Feb,East,MD,Customer_99,Health,Monitor,29,3330.35,2365.58,964.77,28.97
212,Oct,East,DC,Customer_160,Software,CRM,39,9795.44,6309.78,3485.66,35.58
213,Jan,South,TX,Customer_97,Health,Bandage,25,2577.56,1656.49,921.07,35.73
214,Apr,West,AZ,Customer_68,Electronics,Phone,18,6370.88,4058.62,2312.26,36.29
215,Jan,East,MD,Customer_218,Clothing,Pants,36,3320.72,2517.4,803.32,24.19
216,Jun,Midwest,IL,Customer_52,Office,Stapler,15,787.66,347.59,440.07,55.87
217,Jul,West,WA,Customer_203,Software,CRM,25,6694.08,3028.73,3665.35,54.76
218,Jun,North,MA,Customer_214,Health,Protein,34,3102.4,1884.03,1218.37,39.27
219,Apr,South,FL,Customer_47,Food,Snacks,19,652.64,410.41,242.23,37.12
220,Jul,Midwest,OH,Customer_127,Food,Snacks,24,1035.88,577.52,458.36,44.25
221,Aug,North,MA,Customer_89,Sports,Ball,18,2098.26,897.24,1201.02,57.24
222,Jan,South,NC,Customer_200,Food,Tea,18,606.27,466.95,139.32,22.98
223,Oct,Midwest,OH,Customer_87,Software,CRM,13,4384.9,2455.26,1929.64,44.01
224,Jan,North,NY,Customer_125,Sports,Tracker,5,643.45,422.58,220.87,34.33
225,Feb,North,PA,Customer_165,Sports,Shoes,6,801.44,535.2,266.24,33.22
226,Jul,South,NC,Customer_61,Clothing,Pants,15,1129.73,868.12,261.61,23.16
227,Jun,North,NY,Customer_202,Electronics,Phone,33,13337.99,8793.39,4544.6,34.07
228,Aug,North,NY,Customer_194,Clothing,Pants,1,107.92,72.35,35.57,32.96
229,May,Midwest,MN,Customer_83,Furniture,Sofa,24,9359.33,4360.82,4998.51,53.41
230,Aug,West,WA,Customer_207,Office,Printer,10,691.43,518.64,172.79,24.99
231,Aug,South,GA,Customer_20,Clothing,Shirt,40,4193.48,3140.17,1053.31,25.12
232,Mar,West,CA,Customer_161,Health,Vitamins,5,487.43,266.0,221.43,45.43
233,Apr,West,CA,Customer_85,Sports,Shoes,15,1927.25,937.97,989.28,51.33
234,Aug,Midwest,OH,Customer_69,Office,Printer,27,1493.75,713.42,780.33,52.24
235,May,Midwest,MI,Customer_67,Sports,Shoes,32,3008.26,1771.23,1237.03,41.12
236,Aug,North,MA,Customer_144,Electronics,Tablet,31,13211.41,6131.41,7080.0,53.59
237,Apr,East,DE,Customer_61,Software,ERP,7,1811.03,1039.14,771.89,42.62
238,Mar,North,PA,Customer_114,Clothing,Jacket,33,2722.12,1284.44,1437.68,52.81
239,Jan,Midwest,MI,Customer_112,Clothing,Pants,3,304.26,152.36,151.9,49.92
240,Oct,South,FL,Customer_183,Clothing,Shirt,12,916.32,411.73,504.59,55.07
241,Feb,Midwest,MN,Customer_53,Software,ERP,9,2459.12,1676.8,782.32,31.81
242,Apr,Midwest,MI,Customer_17,Food,Snacks,34,1194.83,820.86,373.97,31.3
243,Jan,Midwest,MI,Customer_216,Sports,Weights,32,2826.23,1615.25,1210.98,42.85
244,Aug,South,TX,Customer_145,Food,Coffee,24,687.4,467.32,220.08,32.02
245,Oct,Midwest,IL,Customer_133,Sports,Tracker,5,473.21,323.86,149.35,31.56
246,Jun,West,CA,Customer_188,Software,CRM,32,8513.19,3656.31,4856.88,57.05
247,Sep,South,GA,Customer_58,Food,Snacks,40,1247.68,571.42,676.26,54.2
248,May,Midwest,IL,Customer_179,Electronics,Laptop,13,4234.73,3090.56,1144.17,27.02
249,Nov,Midwest,MN,Customer_27,Food,Meals,23,1093.38,749.32,344.06,31.47
250,Jan,East,VA,Customer_150,Office,Stapler,33,2035.92,937.98,1097.94,53.93
251,Feb,West,WA,Customer_38,Food,Coffee,37,1268.42,718.87,549.55,43.33
252,Jan,West,NV,Customer_14,Electronics,Monitor,24,7734.81,3936.55,3798.26,49.11
253,Jun,West,AZ,Customer_84,Health,Vitamins,34,2820.81,1894.63,926.18,32.83
254,Jun,South,NC,Customer_28,Electronics,Phone,34,10635.6,5743.33,4892.27,46.0
255,Apr,Midwest,IL,Customer_108,Food,Coffee,26,1081.34,829.03,252.31,23.33
256,Nov,North,NY,Customer_174,Electronics,Phone,40,14425.43,8952.91,5472.52,37.94
257,Jan,Midwest,IL,Customer_134,Software,CRM,1,251.16,193.85,57.31,22.82
258,May,North,PA,Customer_31,Sports,Shoes,4,482.74,373.52,109.22,22.63
259,Sep,East,VA,Customer_113,Office,Printer,8,464.56,347.27,117.29,25.25
260,Jul,Midwest,MI,Customer_189,Software,ERP,6,1825.51,960.68,864.83,47.37
261,Aug,Midwest,OH,Customer_141,Health,Bandage,24,2349.41,1463.14,886.27,37.72
262,Oct,West,NV,Customer_63,Software,CRM,22,5209.72,3175.88,2033.84,39.04
263,Jul,Midwest,MN,Customer_42,Electronics,Phone,16,5387.07,2911.32,2475.75,45.96
264,May,East,MD,Customer_198,Software,CRM,2,457.23,203.34,253.89,55.53
265,Jun,West,CA,Customer_91,Health,Monitor,7,705.21,554.33,150.88,21.4
266,Nov,South,NC,Customer_36,Sports,Weights,13,1743.12,1280.32,462.8,26.55
267,Sep,North,NJ,Customer_106,Software,ERP,7,1459.93,1026.77,433.16,29.67
268,Oct,North,NJ,Customer_107,Health,Bandage,18,2114.21,1363.06,751.15,35.53
269,Jul,West,NV,Customer_75,Software,Analytics,23,5952.15,3722.95,2229.2,37.45
270,Jul,East,VA,Customer_114,Office,Stapler,20,981.32,522.55,458.77,46.75
271,Mar,West,NV,Customer_211,Food,Snacks,22,740.69,542.23,198.46,26.79
272,Apr,East,MD,Customer_7,Health,Vitamins,4,352.74,265.08,87.66,24.85
273,May,Midwest,MI,Customer_100,Health,Monitor,30,2789.74,1785.56,1004.18,36.0
274,Jun,West,CA,Customer_26,Furniture,Chair,27,11194.94,6362.43,4832.51,43.17
275,Sep,Midwest,OH,Customer_125,Food,Meals,26,928.27,604.4,323.87,34.89
276,Oct,East,VA,Customer_82,Clothing,Pants,24,2630.0,1908.41,721.59,27.44
277,Sep,South,GA,Customer_211,Software,Analytics,33,10674.14,6145.4,4528.74,42.43
278,Mar,Midwest,MI,Customer_106,Food,Coffee,12,348.64,219.31,129.33,37.1
279,Feb,East,VA,Customer_202,Health,Vitamins,1,86.04,58.13,27.91,32.44
280,Jan,East,DE,Customer_172,Furniture,Desk,2,716.86,433.13,283.73,39.58
281,Sep,Midwest,MI,Customer_106,Clothing,Shirt,39,2853.39,1363.94,1489.45,52.2
282,Sep,North,NY,Customer_44,Furniture,Desk,34,14925.65,8850.63,6075.02,40.7
283,Jul,North,NY,Customer_184,Sports,Shoes,16,1719.38,829.92,889.46,51.73
284,May,North,NY,Customer_116,Sports,Shoes,40,4368.44,1923.12,2445.32,55.98
285,Jul,Midwest,IL,Customer_159,Office,Paper,16,813.7,354.99,458.71,56.37
286,Oct,South,TX,Customer_78,Electronics,Monitor,27,10407.06,8067.66,2339.4,22.48
287,Aug,North,MA,Customer_106,Health,Bandage,20,1898.67,1297.47,601.2,31.66
288,Jan,South,GA,Customer_92,Clothing,Shirt,25,1803.3,1405.62,397.68,22.05
289,May,West,AZ,Customer_137,Furniture,Cabinet,25,10163.37,6717.73,3445.64,33.9
290,Feb,West,AZ,Customer_49,Food,Meals,30,939.44,477.01,462.43,49.22
291,Jan,East,VA,Customer_62,Sports,Shoes,9,795.96,413.72,382.24,48.02
292,Mar,Midwest,MN,Customer_41,Office,Printer,24,1288.93,885.9,403.03,31.27
293,Jul,Midwest,OH,Customer_130,Software,Security,14,3325.64,1953.8,1371.84,41.25
294,Mar,East,DE,Customer_104,Sports,Shoes,39,4526.37,2111.29,2415.08,53.36
295,Feb,Midwest,IL,Customer_8,Software,Security,37,7974.1,3393.38,4580.72,57.44
296,Dec,North,MA,Customer_49,Food,Tea,7,224.77,170.4,54.37,24.19
297,Sep,East,MD,Customer_23,Furniture,Cabinet,15,5948.99,4296.52,1652.47,27.78
298,Jul,East,DC,Customer_199,Health,Monitor,9,1084.46,526.25,558.21,51.47
299,Jun,East,DE,Customer_64,Electronics,Monitor,26,8882.12,5797.06,3085.06,34.73
300,Mar,East,VA,Customer_183,Software,ERP,3,781.82,504.4,277.42,35.48
301,Jul,South,TX,Customer_190,Clothing,Shoes,3,274.42,179.17,95.25,34.71
302,Mar,Midwest,OH,Customer_112,Office,Ink,37,1983.15,833.64,1149.51,57.96
303,Nov,East,VA,Customer_175,Electronics,Tablet,8,2521.18,1356.05,1165.13,46.21
304,Jun,North,NJ,Customer_72,Health,Bandage,34,2729.24,2101.93,627.31,22.98
305,Jul,West,AZ,Customer_174,Office,Paper,14,780.91,475.88,305.03,39.06
306,Mar,West,WA,Customer_45,Electronics,Phone,35,10802.64,7658.19,3144.45,29.11
307,Apr,Midwest,MI,Customer_44,Food,Snacks,23,783.76,356.01,427.75,54.58
308,Nov,East,MD,Customer_172,Clothing,Shoes,31,2663.54,1356.9,1306.64,49.06
309,Sep,West,WA,Customer_35,Sports,Weights,10,1203.15,612.51,590.64,49.09
310,Nov,North,NJ,Customer_154,Clothing,Shirt,30,3421.38,1951.06,1470.32,42.97
311,Apr,North,PA,Customer_125,Electronics,Phone,14,4026.32,3025.58,1000.74,24.85
312,May,South,GA,Customer_29,Software,Security,11,2751.99,1633.04,1118.95,40.66
313,Jun,East,MD,Customer_3,Furniture,Desk,30,16330.41,11393.15,4937.26,30.23
314,Feb,East,DC,Customer_112,Furniture,Sofa,32,11426.14,7094.91,4331.23,37.91
315,Jan,East,VA,Customer_168,Software,Analytics,16,3316.01,2309.79,1006.22,30.34
316,Jan,West,WA,Customer_48,Software,Analytics,34,10269.6,7834.48,2435.12,23.71
317,Mar,North,PA,Customer_48,Sports,Tracker,23,2429.0,1351.39,1077.61,44.36
318,Sep,East,DC,Customer_11,Food,Snacks,7,265.44,173.18,92.26,34.76
319,Dec,West,CA,Customer_109,Food,Meals,32,1435.75,1131.92,303.83,21.16
320,Oct,Midwest,IL,Customer_42,Clothing,Shirt,9,781.52,608.67,172.85,22.12
321,Feb,North,NJ,Customer_56,Office,Printer,24,1004.96,734.73,270.23,26.89
322,Sep,West,WA,Customer_170,Software,CRM,4,1099.6,633.2,466.4,42.42
323,Jun,North,NJ,Customer_186,Electronics,Tablet,11,3809.23,1605.79,2203.44,57.84
324,Oct,East,MD,Customer_139,Office,Paper,21,1222.44,707.18,515.26,42.15
325,Sep,South,NC,Customer_186,Furniture,Desk,22,10206.27,5408.35,4797.92,47.01
326,Oct,West,AZ,Customer_77,Office,Printer,22,1288.89,843.56,445.33,34.55
327,Apr,South,NC,Customer_170,Furniture,Chair,38,15736.64,9990.94,5745.7,36.51
328,Jul,East,MD,Customer_67,Office,Stapler,8,401.99,312.89,89.1,22.16
329,Apr,Midwest,IL,Customer_167,Food,Tea,7,218.97,146.27,72.7,33.2
330,Dec,West,WA,Customer_139,Office,Printer,37,2570.61,1779.29,791.32,30.78
331,Oct,Midwest,IL,Customer_205,Health,Vitamins,29,2388.98,1448.1,940.88,39.38
332,Sep,North,NY,Customer_140,Office,Stapler,11,776.81,381.34,395.47,50.91
333,Aug,North,MA,Customer_104,Sports,Ball,16,1449.56,631.2,818.36,56.46
334,Dec,Midwest,OH,Customer_31,Office,Ink,9,551.57,413.01,138.56,25.12
335,Oct,South,GA,Customer_94,Sports,Shoes,22,2908.97,2014.01,894.96,30.77
336,Jan,East,VA,Customer_132,Food,Tea,34,1440.27,989.55,450.72,31.29
337,Jan,Midwest,MI,Customer_141,Furniture,Cabinet,21,10067.46,4649.14,5418.32,53.82
338,Nov,South,TX,Customer_178,Sports,Shoes,29,2844.54,2235.33,609.21,21.42
339,Aug,North,NY,Customer_19,Office,Paper,17,834.61,521.69,312.92,37.49
340,May,West,WA,Customer_114,Software,Analytics,1,211.22,166.43,44.79,21.21
341,Aug,Midwest,MN,Customer_20,Electronics,Laptop,12,4662.88,3070.67,1592.21,34.15
342,Oct,West,NV,Customer_101,Clothing,Shoes,15,1576.55,1018.47,558.08,35.4
343,Feb,East,DC,Customer_34,Food,Tea,38,1405.4,700.19,705.21,50.18
344,Jun,West,AZ,Customer_91,Office,Stapler,21,927.46,588.28,339.18,36.57
345,Jun,South,GA,Customer_156,Food,Meals,3,117.12,80.69,36.43,31.1
346,Mar,East,DE,Customer_129,Software,CRM,17,4324.6,2734.03,1590.57,36.78
347,Oct,South,GA,Customer_199,Furniture,Chair,28,13130.64,8598.08,4532.56,34.52
348,Jun,East,MD,Customer_78,Clothing,Jacket,22,2187.46,1330.62,856.84,39.17
349,Nov,South,TX,Customer_16,Health,Protein,22,2611.38,1950.58,660.8,25.3
350,Aug,Midwest,MI,Customer_90,Food,Coffee,10,303.73,128.38,175.35,57.73
351,Nov,West,NV,Customer_146,Office,Stapler,20,1530.34,975.0,555.34,36.29
352,Mar,East,DC,Customer_19,Software,Analytics,13,3689.85,1659.0,2030.85,55.04
353,Mar,East,DC,Customer_199,Office,Ink,28,1787.33,1360.38,426.95,23.89
354,Aug,East,MD,Customer_140,Software,Analytics,2,613.21,399.68,213.53,34.82
355,Apr,North,MA,Customer_115,Electronics,Monitor,13,5671.21,2974.98,2696.23,47.54
356,Sep,North,MA,Customer_34,Food,Snacks,39,1125.17,503.15,622.02,55.28
357,Oct,East,MD,Customer_70,Electronics,Tablet,35,13735.22,5845.06,7890.16,57.44
358,Jun,North,MA,Customer_192,Sports,Weights,2,247.38,141.0,106.38,43.0
359,Nov,East,MD,Customer_204,Electronics,Monitor,3,974.36,630.15,344.21,35.33
360,Aug,Midwest,MN,Customer_4,Software,Security,2,656.58,412.81,243.77,37.13
361,Jun,North,NJ,Customer_24,Sports,Shoes,2,193.18,91.33,101.85,52.72
362,Feb,East,DC,Customer_138,Health,Protein,38,4228.38,2015.93,2212.45,52.32
363,Oct,Midwest,MI,Customer_209,Food,Tea,31,1282.09,906.59,375.5,29.29
364,May,Midwest,MN,Customer_134,Software,Analytics,34,11230.95,5264.96,5965.99,53.12
365,Jan,Midwest,MN,Customer_39,Furniture,Cabinet,15,5987.53,4683.81,1303.72,21.77
366,Jan,Midwest,OH,Customer_140,Furniture,Desk,33,11882.81,8408.6,3474.21,29.24
367,May,Midwest,MI,Customer_189,Clothing,Shirt,11,995.07,547.1,447.97,45.02
368,Dec,South,NC,Customer_163,Office,Printer,23,1740.09,981.31,758.78,43.61
369,Apr,East,VA,Customer_17,Furniture,Desk,26,12417.2,6826.4,5590.8,45.02
370,Apr,Midwest,MN,Customer_169,Health,Monitor,15,1161.88,496.92,664.96,57.23
371,Dec,West,WA,Customer_53,Food,Tea,21,953.69,627.34,326.35,34.22
372,May,West,WA,Customer_197,Clothing,Shoes,18,1954.01,919.39,1034.62,52.95
373,May,East,VA,Customer_125,Sports,Ball,16,1550.21,1042.71,507.5,32.74
374,Oct,West,WA,Customer_218,Electronics,Tablet,24,6913.99,4883.75,2030.24,29.36
375,Aug,South,NC,Customer_176,Clothing,Pants,2,204.43,97.35,107.08,52.38
376,Jan,South,TX,Customer_25,Clothing,Pants,11,916.89,519.83,397.06,43.31
377,Jul,East,DE,Customer_150,Sports,Ball,16,1585.21,1033.74,551.47,34.79
378,Jan,North,MA,Customer_179,Food,Meals,7,270.98,118.66,152.32,56.21
379,Jun,North,NY,Customer_35,Furniture,Sofa,34,14483.31,7042.12,7441.19,51.38
380,Nov,Midwest,OH,Customer_215,Furniture,Cabinet,32,18903.11,8480.15,10422.96,55.14
381,Apr,South,GA,Customer_4,Software,ERP,17,4130.5,3211.63,918.87,22.25
382,Apr,Midwest,IL,Customer_69,Health,Protein,1,91.47,39.82,51.65,56.47
383,Aug,Midwest,MI,Customer_191,Sports,Tracker,18,1979.29,1064.38,914.91,46.22
384,Jul,West,WA,Customer_105,Health,Monitor,10,1186.6,777.15,409.45,34.51
385,Apr,Midwest,MI,Customer_212,Health,Bandage,13,1397.67,631.92,765.75,54.79
386,Oct,North,NY,Customer_176,Health,Protein,29,2960.18,1588.96,1371.22,46.32
387,Oct,North,NJ,Customer_152,Office,Ink,35,2497.45,1265.56,1231.89,49.33
388,Nov,West,AZ,Customer_135,Furniture,Sofa,18,9200.88,6169.79,3031.09,32.94
389,Jun,North,MA,Customer_216,Software,Analytics,31,9904.55,5434.41,4470.14,45.13
390,Oct,West,WA,Customer_194,Clothing,Jacket,34,2838.12,1407.12,1431.0,50.42
391,Mar,East,MD,Customer_211,Clothing,Shirt,30,2266.58,1746.45,520.13,22.95
392,Nov,North,PA,Customer_214,Health,Protein,28,2520.8,1202.23,1318.57,52.31
393,May,West,CA,Customer_170,Sports,Weights,34,3966.93,2330.72,1636.21,41.25
394,Feb,East,DE,Customer_178,Software,Security,8,2024.72,1208.73,815.99,40.3
395,Mar,Midwest,OH,Customer_94,Electronics,Tablet,32,11875.89,6032.04,5843.85,49.21
396,Jun,Midwest,MI,Customer_5,Health,Protein,36,3079.46,1943.46,1136.0,36.89
397,Jan,Midwest,OH,Customer_83,Software,Analytics,17,3866.93,2817.57,1049.36,27.14
398,Feb,Midwest,MN,Customer_33,Furniture,Chair,28,14291.04,7538.06,6752.98,47.25
399,Jun,North,NJ,Customer_11,Health,Protein,19,2319.23,1343.9,975.33,42.05
400,Oct,East,DC,Customer_218,Food,Meals,38,1150.1,746.26,403.84,35.11
401,Dec,Midwest,MI,Customer_85,Furniture,Chair,5,1940.33,1134.79,805.54,41.52
402,Jul,Midwest,MN,Customer_28,Office,Paper,38,2260.85,1731.75,529.1,23.4
403,Dec,West,NV,Customer_17,Office,Printer,29,1752.41,823.73,928.68,52.99
404,Jan,South,FL,Customer_175,Health,Vitamins,19,1846.66,1301.18,545.48,29.54
405,Aug,North,NY,Customer_147,Food,Snacks,1,29.78,13.48,16.3,54.73
406,Apr,Midwest,MN,Customer_183,Electronics,Tablet,22,8018.75,3530.4,4488.35,55.97
407,Dec,West,WA,Customer_161,Health,Vitamins,10,1003.46,492.09,511.37,50.96
408,Jan,South,TX,Customer_81,Software,CRM,25,5727.39,4225.58,1501.81,26.22
409,Sep,West,NV,Customer_78,Electronics,Phone,16,6906.97,4950.43,1956.54,28.33
410,Sep,East,DC,Customer_14,Food,Coffee,14,523.53,292.29,231.24,44.17
411,Aug,West,WA,Customer_52,Sports,Weights,30,4156.97,2601.3,1555.67,37.42
412,Jan,East,VA,Customer_145,Furniture,Sofa,21,6851.15,3434.39,3416.76,49.87
413,Aug,East,MD,Customer_104,Food,Meals,29,915.46,453.33,462.13,50.48
414,Mar,West,CA,Customer_19,Electronics,Tablet,39,14313.04,6086.63,8226.41,57.47
415,Dec,Midwest,OH,Customer_173,Office,Printer,19,1380.51,852.8,527.71,38.23
416,Mar,South,FL,Customer_25,Furniture,Sofa,13,6509.01,5023.8,1485.21,22.82
417,Jul,South,TX,Customer_40,Office,Stapler,4,277.62,130.3,147.32,53.07
418,Mar,West,AZ,Customer_181,Food,Tea,36,1461.2,781.07,680.13,46.55
419,May,East,MD,Customer_101,Clothing,Shirt,3,245.77,117.41,128.36,52.23
420,May,South,GA,Customer_39,Food,Meals,12,426.27,286.11,140.16,32.88
421,Feb,North,PA,Customer_168,Furniture,Chair,34,14422.93,7609.26,6813.67,47.24
422,Jun,North,NJ,Customer_125,Furniture,Chair,18,9313.89,5971.86,3342.03,35.88
423,Sep,North,MA,Customer_70,Clothing,Shoes,15,1388.98,737.48,651.5,46.9
424,Oct,Midwest,IL,Customer_50,Electronics,Phone,10,3948.93,1731.69,2217.24,56.15
425,Jun,East,DE,Customer_85,Office,Printer,24,1174.05,835.29,338.76,28.85
426,May,North,NJ,Customer_202,Furniture,Desk,11,5071.83,2996.02,2075.81,40.93
427,Jan,North,NY,Customer_107,Health,Bandage,37,4069.19,1823.84,2245.35,55.18
428,Dec,South,TX,Customer_85,Clothing,Jacket,1,114.18,84.86,29.32,25.68
429,Aug,East,MD,Customer_28,Software,CRM,16,3571.51,2155.65,1415.86,39.64
430,Sep,Midwest,IL,Customer_63,Sports,Tracker,11,1311.87,571.4,740.47,56.44
431,May,East,MD,Customer_143,Software,Security,14,4710.23,3561.45,1148.78,24.39
432,Dec,Midwest,OH,Customer_28,Furniture,Desk,4,1929.68,1375.26,554.42,28.73
433,Oct,South,FL,Customer_40,Furniture,Chair,17,9275.42,5350.81,3924.61,42.31
434,Oct,Midwest,IL,Customer_22,Software,CRM,38,8979.06,4580.37,4398.69,48.99
435,Sep,North,MA,Customer_26,Furniture,Cabinet,3,1143.39,807.18,336.21,29.4
436,Mar,East,DC,Customer_152,Furniture,Sofa,12,4059.13,3117.06,942.07,23.21
437,Jul,West,CA,Customer_38,Furniture,Chair,33,15792.12,7516.37,8275.75,52.4
438,Jun,South,FL,Customer_176,Food,Coffee,22,888.81,395.3,493.51,55.52
439,Jan,West,CA,Customer_18,Office,Ink,39,2278.6,1124.82,1153.78,50.64
440,Nov,North,PA,Customer_167,Health,Vitamins,23,2623.15,1881.42,741.73,28.28
441,Aug,West,WA,Customer_14,Software,Analytics,30,9486.58,6800.0,2686.58,28.32
442,Oct,South,NC,Customer_192,Health,Protein,38,3847.67,2962.7,884.97,23.0
443,Feb,North,PA,Customer_51,Food,Coffee,38,1300.08,659.87,640.21,49.24
444,Aug,Midwest,IL,Customer_204,Health,Monitor,22,2534.93,1445.69,1089.24,42.97
445,Feb,South,TX,Customer_2,Health,Protein,20,1885.37,803.26,1082.11,57.4
446,Feb,West,NV,Customer_118,Health,Protein,10,873.36,435.85,437.51,50.1
447,Jun,West,NV,Customer_86,Electronics,Phone,6,2722.08,1331.91,1390.17,51.07
448,Aug,West,WA,Customer_175,Furniture,Chair,3,1244.66,935.63,309.03,24.83
449,Jul,East,DC,Customer_43,Clothing,Pants,15,1244.11,898.08,346.03,27.81
450,Jul,East,DE,Customer_220,Sports,Shoes,11,1204.52,509.94,694.58,57.66
451,Mar,North,MA,Customer_189,Office,Ink,23,1439.72,1129.13,310.59,21.57
452,Dec,Midwest,MN,Customer_171,Clothing,Pants,27,2115.41,1376.89,738.52,34.91
453,Aug,East,DC,Customer_170,Sports,Weights,25,3489.5,2509.68,979.82,28.08
454,Jan,West,NV,Customer_15,Sports,Ball,8,901.8,528.15,373.65,41.43
455,Sep,South,NC,Customer_124,Electronics,Phone,9,2531.14,1940.19,590.95,23.35
456,May,South,FL,Customer_45,Electronics,Monitor,38,14905.95,7809.56,7096.39,47.61
457,Apr,East,VA,Customer_167,Health,Monitor,6,685.4,459.43,225.97,32.97
458,Jul,West,AZ,Customer_42,Software,Analytics,37,10080.61,4414.1,5666.51,56.21
459,Sep,East,MD,Customer_42,Food,Snacks,20,818.42,395.42,423.0,51.68
460,May,North,PA,Customer_178,Health,Protein,12,1067.24,800.17,267.07,25.02
461,Aug,South,TX,Customer_28,Office,Stapler,17,917.14,493.66,423.48,46.17
462,Aug,East,VA,Customer_129,Food,Meals,27,1057.04,748.49,308.55,29.19
463,Jun,North,MA,Customer_170,Software,Security,36,11457.1,6557.33,4899.77,42.77
464,Feb,East,DE,Customer_136,Sports,Tracker,19,2433.64,1131.17,1302.47,53.52
465,Aug,North,NY,Customer_155,Software,Analytics,24,5820.43,2968.71,2851.72,49.0
466,Feb,Midwest,IL,Customer_79,Health,Vitamins,11,1114.25,866.77,247.48,22.21
467,Nov,North,NJ,Customer_103,Health,Protein,26,2852.59,1553.6,1298.99,45.54
468,Mar,South,NC,Customer_55,Software,ERP,22,6526.25,4973.54,1552.71,23.79
469,Feb,Midwest,IL,Customer_104,Food,Meals,14,505.93,263.75,242.18,47.87
470,Nov,South,FL,Customer_129,Food,Coffee,8,384.74,289.54,95.2,24.74
471,Dec,West,AZ,Customer_157,Clothing,Shoes,18,1945.57,1372.53,573.04,29.45
472,Oct,Midwest,MI,Customer_80,Food,Coffee,7,240.07,151.37,88.7,36.95
473,Feb,East,VA,Customer_215,Furniture,Desk,21,7618.15,4489.85,3128.3,41.06
474,Mar,West,AZ,Customer_152,Electronics,Monitor,36,13832.72,5974.88,7857.84,56.81
475,Sep,West,CA,Customer_76,Office,Printer,22,1551.65,956.37,595.28,38.36
476,Apr,South,FL,Customer_58,Software,CRM,12,2540.26,1541.25,999.01,39.33
477,Jul,East,VA,Customer_150,Software,CRM,8,2080.14,1267.79,812.35,39.05
478,Oct,West,WA,Customer_137,Electronics,Phone,22,8692.63,4460.62,4232.01,48.69
479,Nov,West,WA,Customer_175,Health,Monitor,40,4294.23,2346.46,1947.77,45.36
480,Apr,North,NJ,Customer_195,Clothing,Pants,13,926.24,696.57,229.67,24.8
481,Jan,West,WA,Customer_52,Food,Tea,36,1409.79,1029.23,380.56,26.99
482,May,North,NY,Customer_53,Furniture,Cabinet,27,9145.79,6763.48,2382.31,26.05
483,Dec,Midwest,MI,Customer_145,Sports,Shoes,21,3292.46,1755.3,1537.16,46.69
484,Jan,South,TX,Customer_206,Health,Vitamins,30,3212.06,1756.63,1455.43,45.31
485,Mar,East,DE,Customer_87,Office,Paper,21,1199.03,868.23,330.8,27.59
486,Mar,North,PA,Customer_91,Health,Bandage,17,1821.99,1397.25,424.74,23.31
487,Apr,East,DE,Customer_208,Health,Bandage,28,2305.99,979.5,1326.49,57.52
488,Apr,Midwest,MN,Customer_209,Electronics,Laptop,6,2166.9,944.77,1222.13,56.4
489,Oct,Midwest,IL,Customer_160,Sports,Weights,36,4920.92,2948.99,1971.93,40.07
490,Nov,South,GA,Customer_91,Food,Coffee,25,1193.79,544.7,649.09,54.37
491,Mar,South,NC,Customer_195,Office,Stapler,5,298.4,204.73,93.67,31.39
492,Aug,South,NC,Customer_178,Food,Meals,31,1196.7,555.04,641.66,53.62
493,Aug,Midwest,MN,Customer_205,Furniture,Chair,15,5055.43,3182.14,1873.29,37.06
494,Dec,South,GA,Customer_52,Food,Snacks,1,31.53,13.81,17.72,56.2
495,Apr,South,GA,Customer_11,Health,Protein,10,982.26,586.58,395.68,40.28
496,Feb,North,MA,Customer_158,Clothing,Shirt,33,2562.52,1559.63,1002.89,39.14
497,Jul,North,NY,Customer_129,Electronics,Laptop,36,13985.02,8950.24,5034.78,36.0
498,Sep,North,NY,Customer_102,Software,Security,1,280.79,139.6,141.19,50.28
499,Mar,Midwest,MN,Customer_182,Food,Snacks,14,556.57,436.25,120.32,21.62
500,Oct,North,PA,Customer_187,Furniture,Desk,16,8231.09,6040.63,2190.46,26.61
501,Feb,North,PA,Customer_80,Software,Analytics,19,4101.27,2642.77,1458.5,35.56
502,Jun,South,GA,Customer_12,Furniture,Desk,8,3835.23,2699.71,1135.52,29.61
503,Apr,Midwest,MN,Customer_157,Office,Stapler,37,2287.93,1736.7,551.23,24.09
504,Dec,North,NY,Customer_172,Electronics,Laptop,9,4244.59,2459.26,1785.33,42.06
505,Jan,South,TX,Customer_181,Office,Ink,9,435.6,231.39,204.21,46.88
506,Jun,North,PA,Customer_42,Health,Vitamins,29,2428.44,1870.56,557.88,22.97
507,Nov,West,AZ,Customer_4,Software,ERP,27,8254.2,4507.32,3746.88,45.39
508,Sep,East,DC,Customer_88,Electronics,Tablet,6,2238.62,1027.07,1211.55,54.12
509,Jun,West,AZ,Customer_138,Sports,Ball,8,1128.88,541.42,587.46,52.04
510,Sep,North,MA,Customer_166,Health,Vitamins,14,1209.01,845.55,363.46,30.06
511,Jan,East,DE,Customer_157,Furniture,Chair,29,12810.66,6169.36,6641.3,51.84
512,Dec,East,DE,Customer_66,Food,Tea,2,65.13,48.23,16.9,25.95
513,Nov,East,MD,Customer_178,Furniture,Desk,26,11434.82,5073.15,6361.67,55.63
514,Feb,Midwest,IL,Customer_20,Furniture,Cabinet,10,4303.81,2958.03,1345.78,31.27
515,Nov,Midwest,MI,Customer_26,Office,Printer,17,978.7,559.14,419.56,42.87
516,Dec,South,NC,Customer_88,Furniture,Sofa,21,11799.02,5089.6,6709.42,56.86
517,Apr,North,MA,Customer_72,Sports,Weights,40,3541.57,1736.36,1805.21,50.97
518,Feb,South,TX,Customer_12,Software,ERP,10,2570.52,1875.56,694.96,27.04
519,Jan,West,AZ,Customer_16,Furniture,Chair,5,1891.15,982.04,909.11,48.07
520,Mar,East,DC,Customer_95,Clothing,Shirt,17,1423.67,685.5,738.17,51.85
521,Nov,North,MA,Customer_195,Clothing,Pants,25,2959.57,1275.97,1683.6,56.89
522,Nov,South,FL,Customer_62,Health,Protein,31,3017.47,1275.75,1741.72,57.72
523,Feb,West,AZ,Customer_8,Food,Tea,31,1050.51,486.24,564.27,53.71
524,Aug,Midwest,MN,Customer_31,Furniture,Sofa,32,13974.38,6767.96,7206.42,51.57
525,Apr,West,NV,Customer_49,Electronics,Laptop,5,1632.83,953.98,678.85,41.58
526,Apr,East,VA,Customer_124,Furniture,Chair,14,6358.84,4718.13,1640.71,25.8
527,Jul,North,NY,Customer_62,Health,Vitamins,34,2859.6,2115.89,743.71,26.01
528,Apr,North,NY,Customer_120,Office,Ink,30,1967.67,922.33,1045.34,53.13
529,Aug,East,VA,Customer_170,Food,Tea,24,700.62,476.62,224.0,31.97
530,Aug,West,AZ,Customer_161,Clothing,Jacket,33,3509.99,2309.99,1200.0,34.19
531,Nov,North,MA,Customer_167,Office,Printer,24,1266.9,908.8,358.1,28.27
532,Jun,North,PA,Customer_5,Clothing,Shirt,39,3411.94,2346.72,1065.22,31.22
533,Aug,South,GA,Customer_36,Software,Security,13,3218.51,1725.73,1492.78,46.38
534,Apr,North,NJ,Customer_4,Electronics,Tablet,24,10703.26,5418.5,5284.76,49.38
535,Aug,East,DE,Customer_50,Food,Coffee,31,977.54,772.11,205.43,21.01
536,Aug,East,MD,Customer_105,Sports,Ball,12,1282.49,855.94,426.55,33.26
537,Jan,Midwest,MI,Customer_212,Clothing,Shirt,1,70.85,51.04,19.81,27.96
538,Oct,West,NV,Customer_67,Health,Bandage,16,1643.2,856.67,786.53,47.87
539,Jul,South,FL,Customer_193,Clothing,Pants,4,300.52,173.24,127.28,42.35
540,Feb,Midwest,MN,Customer_146,Health,Protein,15,1665.26,1289.02,376.24,22.59
541,May,West,CA,Customer_210,Electronics,Monitor,7,3145.15,2372.91,772.24,24.55
542,Feb,East,MD,Customer_19,Clothing,Shoes,34,2713.72,1441.26,1272.46,46.89
543,Nov,Midwest,IL,Customer_128,Office,Printer,34,2248.6,1610.88,637.72,28.36
544,Sep,Midwest,OH,Customer_152,Health,Vitamins,17,1752.53,853.77,898.76,51.28
545,Dec,East,MD,Customer_135,Health,Protein,17,2022.9,904.57,1118.33,55.28
546,Dec,North,NJ,Customer_205,Food,Tea,1,39.36,21.48,17.88,45.43
547,Dec,South,NC,Customer_111,Sports,Shoes,6,928.52,461.15,467.37,50.33
548,Jul,West,WA,Customer_189,Food,Tea,24,831.64,501.4,330.24,39.71
549,Jun,South,FL,Customer_29,Food,Tea,3,110.77,82.78,27.99,25.27
550,Oct,West,CA,Customer_86,Office,Stapler,37,2180.43,1194.2,986.23,45.23
551,Jul,East,MD,Customer_174,Office,Paper,11,603.19,279.48,323.71,53.67
552,Nov,East,MD,Customer_95,Food,Coffee,20,865.76,415.96,449.8,51.95
553,Feb,Midwest,MN,Customer_4,Electronics,Tablet,39,13841.84,9529.83,4312.01,31.15
554,May,North,NY,Customer_22,Electronics,Tablet,16,4491.02,2268.36,2222.66,49.49
555,May,South,GA,Customer_22,Electronics,Laptop,6,2698.46,1281.74,1416.72,52.5
556,Jun,North,PA,Customer_107,Sports,Weights,31,4219.47,2292.08,1927.39,45.68
557,Feb,East,MD,Customer_17,Software,CRM,40,8162.5,6368.52,1793.98,21.98
558,Mar,East,DC,Customer_49,Office,Printer,39,2712.32,1701.54,1010.78,37.27
559,Jan,South,NC,Customer_184,Health,Protein,2,165.1,118.04,47.06,28.5
560,Aug,North,NY,Customer_204,Clothing,Shirt,29,2962.94,2111.89,851.05,28.72
561,Apr,Midwest,IL,Customer_36,Office,Stapler,1,49.3,31.33,17.97,36.45
562,Feb,West,WA,Customer_134,Software,Security,35,8350.41,3683.53,4666.88,55.89
563,Apr,North,MA,Customer_164,Software,ERP,30,8637.41,6509.8,2127.61,24.63
564,Apr,East,DC,Customer_16,Clothing,Shirt,15,1315.12,717.25,597.87,45.46
565,Dec,East,DE,Customer_15,Sports,Weights,39,4519.63,2388.99,2130.64,47.14
566,Jun,Midwest,OH,Customer_162,Clothing,Shirt,16,1401.99,691.39,710.6,50.69
567,Feb,Midwest,MI,Customer_199,Office,Ink,5,222.87,99.38,123.49,55.41
568,Jul,West,NV,Customer_206,Furniture,Cabinet,33,12625.63,6789.42,5836.21,46.23
569,Aug,West,AZ,Customer_159,Office,Ink,4,187.54,110.39,77.15,41.14
570,Nov,East,MD,Customer_17,Electronics,Tablet,30,13190.44,5711.41,7479.03,56.7
571,Nov,North,PA,Customer_38,Health,Vitamins,26,3121.08,2137.54,983.54,31.51
572,Dec,North,NY,Customer_136,Software,ERP,7,2302.46,1236.24,1066.22,46.31
573,Sep,Midwest,MN,Customer_45,Clothing,Shirt,25,2512.77,1451.23,1061.54,42.25
574,Jun,East,VA,Customer_142,Food,Meals,8,236.84,182.1,54.74,23.11
575,Dec,West,NV,Customer_155,Food,Coffee,19,862.72,487.85,374.87,43.45
576,Apr,South,FL,Customer_209,Office,Paper,33,1759.51,900.4,859.11,48.83
577,May,Midwest,MN,Customer_81,Clothing,Pants,12,1187.99,871.99,316.0,26.6
578,Nov,South,NC,Customer_60,Electronics,Laptop,37,13844.76,9848.59,3996.17,28.86
579,May,Midwest,IL,Customer_59,Electronics,Phone,21,8889.5,4608.42,4281.08,48.16
580,Jun,East,DC,Customer_97,Sports,Tracker,19,1787.2,900.83,886.37,49.6
581,Nov,West,WA,Customer_194,Electronics,Tablet,10,4645.05,2386.12,2258.93,48.63
582,Nov,East,DE,Customer_35,Health,Protein,16,1788.31,973.68,814.63,45.55
583,Jan,East,MD,Customer_220,Sports,Shoes,35,4119.18,1803.21,2315.97,56.22
584,Sep,West,AZ,Customer_201,Office,Stapler,14,896.83,496.43,400.4,44.65
585,Feb,North,NY,Customer_204,Sports,Ball,2,190.93,85.18,105.75,55.39
586,Feb,West,CA,Customer_164,Food,Meals,26,826.09,492.65,333.44,40.36
587,Jul,East,DE,Customer_188,Sports,Weights,20,2572.98,1416.02,1156.96,44.97
588,Feb,Midwest,IL,Customer_107,Office,Stapler,1,64.8,43.17,21.63,33.38
589,Apr,South,TX,Customer_168,Sports,Ball,37,3326.99,2124.69,1202.3,36.14
590,Jul,North,MA,Customer_48,Health,Vitamins,34,3053.96,1864.82,1189.14,38.94
591,Dec,East,VA,Customer_57,Food,Snacks,24,1147.2,903.08,244.12,21.28
592,Jul,South,NC,Customer_52,Furniture,Sofa,21,8386.78,4543.48,3843.3,45.83
593,Dec,South,NC,Customer_155,Electronics,Tablet,25,12512.31,7852.8,4659.51,37.24
594,Mar,South,GA,Customer_14,Furniture,Cabinet,4,1518.21,650.81,867.4,57.13
595,Sep,South,NC,Customer_37,Clothing,Shirt,10,948.21,680.11,268.1,28.27
596,Jul,South,TX,Customer_108,Software,ERP,14,3846.07,2281.75,1564.32,40.67
597,Feb,North,PA,Customer_138,Clothing,Shirt,17,1257.5,910.57,346.93,27.59
598,Apr,Midwest,OH,Customer_192,Food,Snacks,30,1213.85,828.95,384.9,31.71
599,May,West,CA,Customer_114,Office,Paper,6,407.31,306.36,100.95,24.78
600,Sep,West,WA,Customer_44,Sports,Tracker,14,2000.16,1088.76,911.4,45.57
601,Dec,South,FL,Customer_105,Food,Coffee,23,982.11,522.66,459.45,46.78
602,Mar,South,NC,Customer_50,Furniture,Chair,38,15288.0,9275.04,6012.96,39.33
603,Mar,West,NV,Customer_122,Office,Stapler,18,1025.36,505.75,519.61,50.68
604,Oct,Midwest,OH,Customer_19,Clothing,Shirt,23,2249.56,1749.68,499.88,22.22
605,Jul,North,PA,Customer_91,Health,Protein,26,2773.19,1642.17,1131.02,40.78
606,Oct,Midwest,IL,Customer_91,Electronics,Monitor,33,12877.98,9793.51,3084.47,23.95
607,Jul,West,AZ,Customer_176,Clothing,Jacket,10,946.28,634.77,311.51,32.92
608,Jul,East,MD,Customer_141,Sports,Shoes,36,3965.0,1932.91,2032.09,51.25
609,Feb,South,GA,Customer_113,Sports,Tracker,32,3134.46,1921.25,1213.21,38.71
610,Jan,East,DC,Customer_86,Office,Paper,17,882.53,569.57,312.96,35.46
611,May,North,PA,Customer_93,Health,Vitamins,35,2679.94,2009.34,670.6,25.02
612,May,West,WA,Customer_20,Health,Vitamins,13,1117.49,773.96,343.53,30.74
613,Mar,South,TX,Customer_15,Food,Coffee,28,913.28,631.41,281.87,30.86
614,Dec,North,MA,Customer_112,Furniture,Chair,13,4924.52,2973.62,1950.9,39.62
615,Dec,West,NV,Customer_153,Furniture,Chair,9,5357.15,2325.52,3031.63,56.59
616,Jan,South,GA,Customer_84,Electronics,Laptop,11,3131.43,1502.93,1628.5,52.0
617,Mar,South,TX,Customer_31,Food,Tea,28,943.39,538.99,404.4,42.87
618,Aug,South,NC,Customer_43,Electronics,Tablet,12,5234.92,3735.99,1498.93,28.63
619,Nov,North,NJ,Customer_141,Electronics,Monitor,37,11494.31,6694.6,4799.71,41.76
620,Jan,Midwest,MI,Customer_13,Health,Bandage,36,3438.32,2076.06,1362.26,39.62
621,Dec,West,WA,Customer_217,Electronics,Laptop,24,9305.16,6212.56,3092.6,33.24
622,Oct,West,NV,Customer_149,Sports,Tracker,40,3874.79,2910.6,964.19,24.88
623,Apr,East,MD,Customer_82,Electronics,Phone,36,11732.43,7579.47,4152.96,35.4
624,Mar,Midwest,MN,Customer_126,Software,CRM,3,682.14,478.58,203.56,29.84
625,Oct,West,AZ,Customer_23,Health,Vitamins,38,4290.63,1965.42,2325.21,54.19
626,May,North,NJ,Customer_21,Office,Ink,29,1793.37,817.96,975.41,54.39
627,Aug,East,MD,Customer_72,Furniture,Cabinet,24,9100.69,5532.56,3568.13,39.21
628,Sep,Midwest,MN,Customer_165,Software,Security,21,5463.43,4215.04,1248.39,22.85
629,Aug,North,NY,Customer_14,Clothing,Pants,39,4290.08,2660.5,1629.58,37.98
630,Dec,South,TX,Customer_67,Health,Bandage,33,2816.15,1680.76,1135.39,40.32
631,Feb,North,NY,Customer_154,Food,Meals,31,1276.11,573.98,702.13,55.02
632,May,East,MD,Customer_166,Clothing,Jacket,12,1243.55,642.05,601.5,48.37
633,Mar,South,FL,Customer_65,Office,Printer,17,1174.65,589.47,585.18,49.82
634,Oct,East,VA,Customer_55,Health,Monitor,7,670.43,398.08,272.35,40.62
635,Jun,North,NJ,Customer_124,Food,Meals,34,1524.39,1160.97,363.42,23.84
636,Mar,Midwest,IL,Customer_43,Sports,Tracker,9,1236.95,734.43,502.52,40.63
637,May,Midwest,MI,Customer_196,Furniture,Sofa,38,15389.37,8415.49,6973.88,45.32
638,Feb,East,DE,Customer_128,Furniture,Chair,38,14272.09,7738.26,6533.83,45.78
639,Oct,Midwest,OH,Customer_82,Sports,Ball,14,1584.89,1226.71,358.18,22.6
640,Aug,East,DC,Customer_140,Office,Printer,12,646.91,416.47,230.44,35.62
641,May,East,MD,Customer_3,Furniture,Sofa,14,6330.29,3140.67,3189.62,50.39
642,Sep,North,MA,Customer_26,Furniture,Cabinet,13,6219.52,4253.42,1966.1,31.61
643,Jan,East,VA,Customer_72,Health,Vitamins,21,2364.53,1599.51,765.02,32.35
644,Sep,West,AZ,Customer_147,Clothing,Jacket,13,1429.97,1080.03,349.94,24.47
645,Apr,North,MA,Customer_150,Furniture,Cabinet,33,17715.82,11864.0,5851.82,33.03
646,Jul,West,CA,Customer_29,Furniture,Sofa,18,7992.44,4621.96,3370.48,42.17
647,Nov,North,NY,Customer_160,Electronics,Monitor,35,15182.53,7281.79,7900.74,52.04
648,Dec,East,MD,Customer_66,Sports,Weights,35,3687.97,1764.77,1923.2,52.15
649,Mar,North,NY,Customer_129,Clothing,Pants,37,3419.3,2145.17,1274.13,37.26
650,Jul,West,CA,Customer_109,Electronics,Tablet,9,2892.89,2025.1,867.79,30.0
651,Apr,East,MD,Customer_151,Furniture,Sofa,25,10654.12,6352.59,4301.53,40.37
652,Jan,South,GA,Customer_10,Office,Printer,39,2572.79,1269.26,1303.53,50.67
653,May,North,PA,Customer_167,Furniture,Cabinet,6,2549.72,1361.94,1187.78,46.58
654,Sep,West,WA,Customer_79,Clothing,Shirt,28,2289.91,1732.7,557.21,24.33
655,Dec,Midwest,MN,Customer_128,Clothing,Jacket,8,968.6,670.19,298.41,30.81
656,Dec,South,GA,Customer_86,Software,CRM,4,973.81,676.53,297.28,30.53
657,Dec,South,NC,Customer_172,Clothing,Shirt,14,1330.8,884.52,446.28,33.53
658,Feb,South,NC,Customer_170,Electronics,Tablet,26,7352.45,4197.82,3154.63,42.91
659,Sep,East,DC,Customer_69,Sports,Shoes,22,2205.34,1253.25,952.09,43.17
660,Dec,West,CA,Customer_19,Clothing,Jacket,4,400.74,315.19,85.55,21.35
661,Nov,North,NJ,Customer_50,Office,Ink,7,480.64,290.01,190.63,39.66
662,Aug,East,VA,Customer_37,Office,Printer,5,286.51,133.8,152.71,53.3
663,Nov,North,MA,Customer_29,Electronics,Laptop,21,7438.3,3732.31,3705.99,49.82
664,Dec,East,DC,Customer_105,Clothing,Pants,18,1482.56,862.82,619.74,41.8
665,Mar,North,MA,Customer_61,Furniture,Sofa,10,4743.96,2450.02,2293.94,48.35
666,Feb,North,NJ,Customer_1,Furniture,Chair,10,3276.43,1804.8,1471.63,44.92
667,May,Midwest,MI,Customer_80,Office,Printer,34,1686.9,1162.53,524.37,31.08
668,Mar,East,DC,Customer_169,Food,Tea,33,998.32,427.56,570.76,57.17
669,Jul,Midwest,OH,Customer_71,Electronics,Phone,8,3318.07,2257.49,1060.58,31.96
670,Jun,Midwest,MN,Customer_140,Food,Meals,19,629.45,457.68,171.77,27.29
671,Jan,East,DE,Customer_187,Sports,Shoes,29,3730.76,2545.96,1184.8,31.76
672,Aug,East,VA,Customer_212,Sports,Shoes,15,2131.24,1235.91,895.33,42.01
673,Dec,East,DC,Customer_141,Electronics,Phone,4,1495.16,854.58,640.58,42.84
674,Jul,Midwest,MI,Customer_87,Food,Tea,31,926.9,662.17,264.73,28.56
675,Dec,South,NC,Customer_51,Furniture,Cabinet,18,10379.78,4525.52,5854.26,56.4
676,Mar,East,DE,Customer_108,Office,Ink,10,526.36,410.8,115.56,21.95
677,Mar,South,TX,Customer_173,Software,CRM,16,4017.51,2953.35,1064.16,26.49
678,Jan,West,NV,Customer_198,Food,Coffee,24,841.59,388.15,453.44,53.88
679,May,West,NV,Customer_101,Software,CRM,25,5804.01,4117.19,1686.82,29.06
680,Dec,East,VA,Customer_33,Sports,Weights,3,403.76,197.73,206.03,51.03
681,Jan,Midwest,OH,Customer_52,Software,CRM,16,3622.68,2306.99,1315.69,36.32
682,Oct,East,VA,Customer_133,Electronics,Phone,39,11534.3,6808.48,4725.82,40.97
683,Apr,South,NC,Customer_93,Software,Security,1,325.3,150.59,174.71,53.71
684,Jul,South,NC,Customer_151,Food,Tea,16,553.62,240.3,313.32,56.59
685,Sep,East,DC,Customer_120,Office,Stapler,1,45.5,25.51,19.99,43.93
686,Apr,Midwest,OH,Customer_41,Office,Stapler,7,496.44,347.87,148.57,29.93
687,Dec,West,CA,Customer_55,Software,Security,1,238.45,179.99,58.46,24.52
688,Mar,East,VA,Customer_130,Health,Monitor,30,2692.24,1830.0,862.24,32.03
689,Sep,East,MD,Customer_30,Furniture,Sofa,24,9526.84,5908.49,3618.35,37.98
690,Apr,West,AZ,Customer_73,Sports,Weights,6,731.99,501.52,230.47,31.49
691,Feb,East,DC,Customer_173,Clothing,Pants,8,626.17,359.7,266.47,42.56
692,Jun,South,NC,Customer_170,Electronics,Tablet,13,5152.4,3014.89,2137.51,41.49
693,Jul,East,MD,Customer_43,Clothing,Shoes,24,2463.37,1087.71,1375.66,55.84
694,Jul,South,TX,Customer_128,Health,Vitamins,35,3445.27,1698.81,1746.46,50.69
695,Mar,North,MA,Customer_208,Clothing,Pants,33,2434.97,1575.01,859.96,35.32
696,Mar,Midwest,MI,Customer_184,Software,ERP,31,9400.83,4335.37,5065.46,53.88
697,May,East,DC,Customer_172,Food,Coffee,29,1189.06,640.08,548.98,46.17
698,Mar,East,DE,Customer_211,Office,Printer,4,247.81,113.84,133.97,54.06
699,Oct,Midwest,IL,Customer_207,Clothing,Pants,5,377.65,274.29,103.36,27.37
700,Sep,North,NY,Customer_23,Food,Meals,30,1119.69,827.56,292.13,26.09
701,Apr,East,DC,Customer_87,Electronics,Tablet,24,6997.57,3125.77,3871.8,55.33
702,Oct,North,NY,Customer_172,Clothing,Pants,18,1454.04,1005.85,448.19,30.82
703,Feb,South,NC,Customer_208,Software,CRM,4,1152.09,580.92,571.17,49.58
704,Feb,Midwest,MN,Customer_180,Clothing,Shoes,35,2916.69,2073.31,843.38,28.92
705,Aug,South,FL,Customer_191,Software,Analytics,33,7927.0,5367.86,2559.14,32.28
706,Jul,North,MA,Customer_113,Furniture,Chair,24,10389.95,5701.37,4688.58,45.13
707,Aug,North,PA,Customer_41,Health,Bandage,23,2290.14,1734.87,555.27,24.25
708,Jul,South,FL,Customer_121,Health,Bandage,33,2836.57,2185.49,651.08,22.95
709,Nov,South,TX,Customer_71,Furniture,Cabinet,23,11877.8,7108.72,4769.08,40.15
710,Jul,Midwest,OH,Customer_207,Sports,Tracker,1,135.98,72.34,63.64,46.8
711,Mar,Midwest,OH,Customer_173,Clothing,Pants,7,709.94,476.31,233.63,32.91
712,Aug,West,NV,Customer_40,Food,Snacks,27,837.41,629.6,207.81,24.82
713,Jun,South,NC,Customer_39,Health,Protein,7,592.83,375.66,217.17,36.63
714,Apr,South,NC,Customer_166,Food,Meals,33,1204.75,550.18,654.57,54.33
715,Apr,West,CA,Customer_56,Furniture,Sofa,20,9367.76,5995.01,3372.75,36.0
716,Oct,South,TX,Customer_123,Sports,Ball,5,709.75,339.49,370.26,52.17
717,May,South,TX,Customer_215,Furniture,Desk,37,19195.05,8420.52,10774.53,56.13
718,Apr,South,GA,Customer_214,Software,Analytics,6,1453.05,708.34,744.71,51.25
719,Jan,East,DE,Customer_63,Food,Tea,27,769.41,386.77,382.64,49.73
720,Jan,North,PA,Customer_179,Furniture,Sofa,32,15196.04,11981.25,3214.79,21.16
721,Apr,East,VA,Customer_106,Sports,Tracker,35,3835.48,2054.34,1781.14,46.44
722,Feb,Midwest,MN,Customer_71,Health,Monitor,12,1314.74,992.76,321.98,24.49
723,Jul,South,GA,Customer_148,Food,Meals,16,726.67,441.95,284.72,39.18
724,Feb,North,PA,Customer_4,Health,Vitamins,17,1708.42,1117.06,591.36,34.61
725,Apr,West,WA,Customer_183,Software,Security,14,3171.75,1793.44,1378.31,43.46
726,Jan,East,VA,Customer_185,Health,Monitor,21,2008.83,1015.77,993.06,49.43
727,Feb,South,GA,Customer_12,Furniture,Cabinet,19,7223.62,4492.81,2730.81,37.8
728,Mar,North,NY,Customer_7,Furniture,Cabinet,24,11616.22,7527.11,4089.11,35.2
729,Nov,Midwest,MN,Customer_134,Furniture,Desk,30,13167.76,10242.93,2924.83,22.21
730,Jul,North,NJ,Customer_52,Food,Meals,21,764.48,522.48,242.0,31.66
731,Jul,West,AZ,Customer_167,Furniture,Desk,29,11342.9,8643.24,2699.66,23.8
732,Mar,West,NV,Customer_40,Software,Analytics,39,10744.6,6203.82,4540.78,42.26
733,May,South,GA,Customer_21,Electronics,Monitor,3,1162.29,773.48,388.81,33.45
734,May,Midwest,MN,Customer_205,Furniture,Desk,7,2947.47,1789.9,1157.57,39.27
735,Jan,West,AZ,Customer_23,Clothing,Shoes,2,131.39,79.67,51.72,39.36
736,Nov,North,NY,Customer_36,Food,Snacks,19,885.53,508.51,377.02,42.58
737,May,Midwest,OH,Customer_145,Sports,Ball,7,825.11,546.92,278.19,33.72
738,May,Midwest,IL,Customer_110,Furniture,Desk,5,2280.75,1139.22,1141.53,50.05
739,Dec,East,DE,Customer_148,Software,ERP,28,6492.04,3822.9,2669.14,41.11
740,Jun,East,DC,Customer_206,Furniture,Desk,34,14963.69,7551.92,7411.77,49.53
741,Feb,East,DC,Customer_64,Software,Analytics,27,8382.13,5111.71,3270.42,39.02
742,Oct,Midwest,OH,Customer_66,Health,Monitor,40,4563.03,2144.25,2418.78,53.01
743,Sep,South,GA,Customer_181,Furniture,Cabinet,12,4940.11,3335.78,1604.33,32.48
744,Apr,West,NV,Customer_77,Clothing,Jacket,7,530.87,349.07,181.8,34.25
745,Sep,West,CA,Customer_101,Food,Meals,28,879.89,586.56,293.33,33.34
746,Sep,East,DE,Customer_49,Health,Monitor,25,3027.45,2352.33,675.12,22.3
747,Jun,Midwest,MN,Customer_62,Electronics,Laptop,5,2025.6,1554.19,471.41,23.27
748,Jun,East,DE,Customer_80,Office,Ink,39,2111.16,1510.72,600.44,28.44
749,Mar,Midwest,OH,Customer_40,Clothing,Jacket,37,3349.57,1999.73,1349.84,40.3
750,Feb,Midwest,OH,Customer_218,Clothing,Shirt,22,2283.08,1202.69,1080.39,47.32
751,Feb,East,MD,Customer_112,Health,Vitamins,15,1340.15,569.13,771.02,57.53
752,Nov,West,CA,Customer_104,Furniture,Chair,17,7227.63,4622.89,2604.74,36.04
753,Aug,West,CA,Customer_74,Food,Meals,14,629.67,351.18,278.49,44.23
754,Jan,North,NY,Customer_209,Office,Printer,26,1191.66,738.5,453.16,38.03
755,May,East,DE,Customer_24,Clothing,Shirt,37,3751.97,2497.11,1254.86,33.45
756,Jun,Midwest,MN,Customer_146,Food,Tea,21,605.42,366.49,238.93,39.47
757,Sep,North,NY,Customer_181,Sports,Weights,17,2115.45,1622.15,493.3,23.32
758,Sep,West,NV,Customer_195,Office,Stapler,37,1951.27,898.8,1052.47,53.94
759,Oct,South,GA,Customer_54,Food,Coffee,9,284.93,190.04,94.89,33.3
760,Apr,East,DE,Customer_162,Office,Paper,12,796.48,351.57,444.91,55.86
761,Aug,North,NY,Customer_5,Office,Paper,31,1997.63,1211.66,785.97,39.35
762,Feb,West,WA,Customer_151,Clothing,Jacket,27,2003.43,1067.41,936.02,46.72
763,Aug,West,NV,Customer_83,Electronics,Laptop,3,1158.58,913.79,244.79,21.13
764,Apr,South,TX,Customer_25,Electronics,Laptop,4,1717.26,1266.85,450.41,26.23
765,Aug,West,AZ,Customer_149,Furniture,Sofa,21,7111.27,3995.86,3115.41,43.81
766,May,West,CA,Customer_27,Office,Stapler,32,1494.2,991.67,502.53,33.63
767,Aug,West,CA,Customer_197,Furniture,Sofa,20,6912.21,5149.89,1762.32,25.5
768,Nov,Midwest,MI,Customer_64,Electronics,Monitor,23,9638.53,5399.39,4239.14,43.98
769,May,Midwest,IL,Customer_140,Sports,Weights,16,2224.94,1401.03,823.91,37.03
770,Oct,North,NJ,Customer_160,Office,Printer,31,1623.12,1223.7,399.42,24.61
771,Jan,East,VA,Customer_182,Clothing,Pants,4,381.98,194.97,187.01,48.96
772,Nov,South,TX,Customer_215,Food,Meals,15,677.3,464.4,212.9,31.43
773,Oct,East,MD,Customer_113,Furniture,Chair,34,17752.23,13707.33,4044.9,22.79
774,Mar,West,WA,Customer_5,Software,Analytics,34,8268.6,4981.26,3287.34,39.76
775,Feb,South,GA,Customer_84,Health,Vitamins,22,1658.99,929.87,729.12,43.95
776,May,Midwest,IL,Customer_130,Furniture,Sofa,10,4383.12,3198.45,1184.67,27.03
777,Feb,South,FL,Customer_1,Software,ERP,4,1218.86,884.45,334.41,27.44
778,Feb,South,NC,Customer_48,Sports,Shoes,21,2530.47,1430.36,1100.11,43.47
779,Mar,Midwest,MN,Customer_155,Software,Analytics,35,8114.73,5253.65,2861.08,35.26
780,Jun,South,FL,Customer_52,Electronics,Laptop,20,8282.14,4417.23,3864.91,46.67
781,Feb,East,DE,Customer_28,Clothing,Shoes,6,472.15,352.01,120.14,25.45
782,Mar,South,GA,Customer_171,Electronics,Laptop,26,7659.75,3916.7,3743.05,48.87
783,Nov,North,NJ,Customer_8,Office,Paper,26,1526.32,777.75,748.57,49.04
784,Jul,East,DE,Customer_99,Sports,Shoes,5,520.56,272.99,247.57,47.56
785,Dec,North,MA,Customer_114,Health,Protein,19,1774.66,1320.28,454.38,25.6
786,Aug,East,DE,Customer_116,Furniture,Desk,5,2275.17,1681.64,593.53,26.09
787,May,West,AZ,Customer_60,Health,Vitamins,33,3606.68,2370.25,1236.43,34.28
788,Sep,West,WA,Customer_98,Electronics,Monitor,22,7608.0,3543.04,4064.96,53.43
789,Nov,North,NJ,Customer_106,Clothing,Pants,33,2666.27,1439.95,1226.32,45.99
790,Aug,East,DE,Customer_66,Clothing,Shirt,33,3467.67,1986.76,1480.91,42.71
791,Jan,East,DE,Customer_110,Sports,Shoes,2,216.15,123.66,92.49,42.79
792,Apr,North,NY,Customer_97,Food,Tea,13,458.34,290.27,168.07,36.67
793,Nov,West,NV,Customer_28,Sports,Tracker,15,1514.45,926.8,587.65,38.8
794,Oct,West,NV,Customer_162,Sports,Tracker,11,1113.12,725.66,387.46,34.81
795,Sep,Midwest,MN,Customer_99,Sports,Weights,21,3002.38,2073.42,928.96,30.94
796,Jan,West,WA,Customer_15,Electronics,Tablet,23,7257.58,3259.47,3998.11,55.09
797,Apr,South,NC,Customer_138,Software,Security,27,7486.51,3262.21,4224.3,56.43
798,Feb,South,FL,Customer_40,Furniture,Sofa,34,16414.56,8727.9,7686.66,46.83
799,Feb,South,TX,Customer_32,Health,Bandage,3,227.27,122.78,104.49,45.98
800,Dec,West,AZ,Customer_60,Sports,Tracker,18,1944.88,947.41,997.47,51.29
801,Aug,East,MD,Customer_49,Health,Vitamins,20,2445.08,1635.04,810.04,33.13
802,Sep,South,GA,Customer_60,Sports,Tracker,40,5374.84,2283.07,3091.77,57.52
803,Aug,West,AZ,Customer_60,Software,Security,37,11083.77,5879.97,5203.8,46.95
804,Dec,East,DE,Customer_22,Sports,Tracker,1,131.61,91.91,39.7,30.16
805,Oct,Midwest,MN,Customer_54,Sports,Tracker,28,3671.47,2289.61,1381.86,37.64
806,Apr,West,CA,Customer_84,Office,Printer,31,2026.79,1372.57,654.22,32.28
807,May,South,NC,Customer_137,Food,Tea,32,1230.8,848.82,381.98,31.04
808,Apr,East,DE,Customer_25,Sports,Ball,19,2036.16,1404.82,631.34,31.01
809,Oct,South,FL,Customer_30,Health,Protein,24,2680.39,1272.26,1408.13,52.53
810,Feb,East,DC,Customer_165,Health,Protein,30,3436.32,1803.55,1632.77,47.52
811,Dec,Midwest,MI,Customer_57,Software,CRM,22,5755.38,4077.1,1678.28,29.16
812,Jul,East,DC,Customer_73,Electronics,Phone,1,369.75,285.8,83.95,22.7
813,Mar,South,TX,Customer_88,Furniture,Cabinet,8,3541.71,2047.35,1494.36,42.19
814,Feb,Midwest,MN,Customer_94,Office,Ink,34,1880.7,1361.24,519.46,27.62
815,Jan,East,DE,Customer_122,Software,ERP,32,7625.68,3581.18,4044.5,53.04
816,May,Midwest,IL,Customer_64,Food,Coffee,3,94.35,57.9,36.45,38.63
817,Mar,Midwest,MN,Customer_96,Sports,Tracker,4,394.31,257.01,137.3,34.82
818,Jul,Midwest,MN,Customer_183,Food,Snacks,22,631.86,329.47,302.39,47.86
819,Feb,West,WA,Customer_133,Clothing,Jacket,40,2824.0,1578.97,1245.03,44.09
820,May,South,TX,Customer_123,Office,Paper,22,1443.09,716.73,726.36,50.33
821,Jun,North,NJ,Customer_51,Office,Printer,35,2023.78,1577.21,446.57,22.07
822,Dec,West,WA,Customer_39,Furniture,Cabinet,7,2895.15,1814.46,1080.69,37.33
823,Nov,East,DC,Customer_27,Furniture,Sofa,35,13286.54,10169.14,3117.4,23.46
824,Jul,West,NV,Customer_78,Software,Analytics,35,11059.93,5412.67,5647.26,51.06
825,Mar,North,MA,Customer_49,Sports,Tracker,5,703.1,316.75,386.35,54.95
826,Dec,North,MA,Customer_113,Electronics,Monitor,39,16971.9,8717.73,8254.17,48.63
827,Jan,West,AZ,Customer_35,Electronics,Phone,30,12941.66,8977.81,3963.85,30.63
828,Apr,South,FL,Customer_34,Electronics,Phone,32,11274.56,8683.75,2590.81,22.98
829,Jan,West,NV,Customer_128,Electronics,Laptop,38,15422.32,10652.71,4769.61,30.93
830,Jan,West,WA,Customer_45,Office,Stapler,10,621.13,353.71,267.42,43.05
831,Mar,Midwest,MN,Customer_22,Software,Analytics,16,3567.74,2722.7,845.04,23.69
832,Jun,Midwest,IL,Customer_36,Clothing,Shirt,2,143.84,72.72,71.12,49.44
833,Apr,North,NY,Customer_9,Health,Bandage,6,718.44,430.5,287.94,40.08
834,Nov,South,NC,Customer_37,Software,ERP,36,11744.31,6947.84,4796.47,40.84
835,Aug,South,GA,Customer_206,Sports,Shoes,22,3119.29,1446.65,1672.64,53.62
836,Apr,West,CA,Customer_166,Furniture,Cabinet,34,16989.84,10379.13,6610.71,38.91
837,Sep,South,GA,Customer_127,Software,CRM,37,11336.46,7163.01,4173.45,36.81
838,Mar,East,DE,Customer_111,Health,Vitamins,16,1642.35,909.59,732.76,44.62
839,Jul,South,NC,Customer_77,Software,Analytics,39,8570.0,3653.08,4916.92,57.37
840,Dec,North,NJ,Customer_45,Office,Stapler,38,1977.04,857.35,1119.69,56.63
841,Oct,North,MA,Customer_120,Electronics,Phone,21,9223.51,6974.48,2249.03,24.38
842,Apr,South,NC,Customer_114,Software,Security,25,5579.32,2727.71,2851.61,51.11
843,Jun,North,PA,Customer_16,Office,Printer,28,1795.51,799.69,995.82,55.46
844,Aug,Midwest,MN,Customer_179,Clothing,Jacket,38,2596.69,1483.49,1113.2,42.87
845,Sep,North,MA,Customer_56,Office,Ink,37,2537.01,1150.3,1386.71,54.66
846,Oct,South,TX,Customer_156,Furniture,Cabinet,2,718.53,410.9,307.63,42.81
847,Oct,South,TX,Customer_32,Electronics,Monitor,21,7939.77,3837.44,4102.33,51.67
848,May,Midwest,OH,Customer_150,Software,Analytics,18,4789.19,3297.52,1491.67,31.15
849,May,East,DE,Customer_151,Food,Coffee,13,465.03,346.11,118.92,25.57
850,Dec,East,MD,Customer_104,Health,Protein,31,4180.18,1995.05,2185.13,52.27
851,Jun,North,NJ,Customer_135,Software,ERP,22,6526.39,3661.9,2864.49,43.89
852,May,South,FL,Customer_132,Sports,Tracker,34,4108.87,1934.59,2174.28,52.92
853,Nov,East,DC,Customer_48,Electronics,Monitor,5,2465.89,1119.09,1346.8,54.62
854,Feb,East,DE,Customer_75,Sports,Shoes,18,2245.21,1505.52,739.69,32.95
855,Dec,North,NY,Customer_43,Electronics,Laptop,37,13234.2,8145.33,5088.87,38.45
856,Nov,Midwest,MN,Customer_126,Food,Coffee,35,1585.57,866.13,719.44,45.37
857,Jan,East,DC,Customer_168,Furniture,Sofa,23,10931.49,6828.01,4103.48,37.54
858,Dec,North,MA,Customer_71,Sports,Weights,18,2406.78,1219.31,1187.47,49.34
859,Jan,North,NJ,Customer_168,Sports,Shoes,28,2837.79,1474.44,1363.35,48.04
860,Nov,South,TX,Customer_142,Clothing,Jacket,12,914.81,508.71,406.1,44.39
861,Sep,West,WA,Customer_43,Health,Monitor,3,281.06,127.0,154.06,54.81
862,Nov,East,MD,Customer_201,Electronics,Laptop,12,3993.58,2112.25,1881.33,47.11
863,Dec,North,MA,Customer_139,Health,Bandage,19,1905.29,894.54,1010.75,53.05
864,Mar,West,NV,Customer_78,Clothing,Shirt,25,1843.99,995.58,848.41,46.01
865,Apr,West,AZ,Customer_156,Furniture,Cabinet,30,15525.1,11809.88,3715.22,23.93
866,Sep,Midwest,IL,Customer_39,Software,CRM,22,5497.01,3137.54,2359.47,42.92
867,Sep,North,NY,Customer_204,Clothing,Shoes,17,1385.26,656.36,728.9,52.62
868,May,North,PA,Customer_167,Sports,Weights,10,1388.18,817.69,570.49,41.1
869,Nov,North,PA,Customer_182,Software,Analytics,33,8028.34,4306.32,3722.02,46.36
870,Jan,East,DE,Customer_116,Sports,Weights,18,1634.56,729.04,905.52,55.4
871,May,North,MA,Customer_11,Health,Vitamins,34,3040.9,2308.89,732.01,24.07
872,Mar,West,CA,Customer_27,Clothing,Shirt,9,976.79,570.03,406.76,41.64
873,Oct,North,MA,Customer_3,Electronics,Tablet,16,6591.43,5032.49,1558.94,23.65
874,Jul,Midwest,OH,Customer_123,Clothing,Shoes,18,1227.57,895.57,332.0,27.05
875,Apr,East,DC,Customer_94,Office,Paper,28,1910.81,1286.59,624.22,32.67
876,Aug,South,TX,Customer_142,Electronics,Monitor,36,11017.56,6003.81,5013.75,45.51
877,Dec,West,AZ,Customer_12,Electronics,Monitor,8,3186.28,1442.52,1743.76,54.73
878,Jul,East,MD,Customer_166,Software,Security,6,1594.89,987.95,606.94,38.06
879,Sep,West,AZ,Customer_218,Sports,Tracker,14,1868.01,836.59,1031.42,55.21
880,Feb,Midwest,MI,Customer_171,Clothing,Shoes,14,1446.32,726.06,720.26,49.8
881,Apr,East,VA,Customer_74,Health,Protein,4,306.89,176.42,130.47,42.51
882,Nov,Midwest,MN,Customer_121,Software,ERP,30,8854.01,4655.48,4198.53,47.42
883,Jan,North,NJ,Customer_163,Sports,Shoes,33,4274.43,3145.22,1129.21,26.42
884,Aug,South,FL,Customer_189,Software,Analytics,40,13440.0,6198.03,7241.97,53.88
885,Jan,Midwest,MI,Customer_154,Sports,Tracker,8,1064.16,795.01,269.15,25.29
886,Jun,East,DC,Customer_203,Clothing,Shirt,2,186.1,135.01,51.09,27.45
887,Feb,West,AZ,Customer_1,Food,Snacks,24,724.46,413.94,310.52,42.86
888,May,East,DC,Customer_137,Electronics,Laptop,17,6831.27,4488.93,2342.34,34.29
889,Feb,Midwest,MN,Customer_89,Software,CRM,27,5416.96,2867.0,2549.96,47.07
890,Jan,East,VA,Customer_142,Electronics,Tablet,34,12732.26,5795.37,6936.89,54.48
891,Jun,North,PA,Customer_37,Sports,Ball,5,644.09,457.31,186.78,29.0
892,Aug,West,WA,Customer_133,Clothing,Pants,22,2413.56,1665.82,747.74,30.98
893,Nov,East,DE,Customer_220,Food,Snacks,2,82.49,60.8,21.69,26.29
894,Jan,South,NC,Customer_105,Sports,Shoes,27,3451.65,1827.59,1624.06,47.05
895,Apr,North,NY,Customer_66,Clothing,Shirt,29,2967.29,2192.23,775.06,26.12
896,Dec,South,GA,Customer_82,Electronics,Phone,2,639.2,330.78,308.42,48.25
897,Apr,Midwest,IL,Customer_20,Office,Printer,15,704.41,353.96,350.45,49.75
898,Aug,Midwest,IL,Customer_81,Sports,Tracker,31,4321.34,3086.44,1234.9,28.58
899,Aug,South,TX,Customer_48,Health,Monitor,35,2828.8,1844.53,984.27,34.79
900,Aug,Midwest,MN,Customer_192,Furniture,Desk,16,7626.63,4248.29,3378.34,44.3
901,Mar,North,NJ,Customer_97,Office,Stapler,9,546.82,315.31,231.51,42.34
902,Mar,West,AZ,Customer_85,Furniture,Chair,24,9186.6,6001.34,3185.26,34.67
903,Dec,South,FL,Customer_129,Office,Stapler,32,1971.43,1303.73,667.7,33.87
904,Mar,South,FL,Customer_17,Sports,Weights,5,524.2,312.58,211.62,40.37
905,Dec,West,NV,Customer_19,Electronics,Monitor,38,11971.69,6940.09,5031.6,42.03
906,Jan,Midwest,OH,Customer_106,Food,Tea,21,893.74,493.69,400.05,44.76
907,Oct,South,TX,Customer_64,Food,Snacks,21,861.51,631.33,230.18,26.72
908,Jan,North,PA,Customer_7,Electronics,Laptop,25,10698.15,7800.94,2897.21,27.08
909,Dec,West,AZ,Customer_37,Electronics,Monitor,38,11961.92,8701.42,3260.5,27.26
910,Nov,West,AZ,Customer_6,Software,Security,19,5272.3,2894.97,2377.33,45.09
911,Feb,North,NJ,Customer_220,Electronics,Monitor,8,3177.37,1898.28,1279.09,40.26
912,Feb,North,PA,Customer_24,Electronics,Monitor,35,14134.97,8636.07,5498.9,38.9
913,Apr,West,WA,Customer_156,Furniture,Cabinet,1,480.56,294.12,186.44,38.8
914,Dec,Midwest,OH,Customer_46,Electronics,Laptop,15,5273.34,2848.15,2425.19,45.99
915,Jun,West,CA,Customer_171,Sports,Tracker,9,1039.68,754.09,285.59,27.47
916,Apr,East,VA,Customer_106,Food,Tea,14,574.38,390.57,183.81,32.0
917,Apr,East,VA,Customer_147,Sports,Tracker,15,1656.7,1043.38,613.32,37.02
918,Feb,North,NY,Customer_139,Furniture,Cabinet,8,3329.74,2462.83,866.91,26.04
919,Feb,Midwest,IL,Customer_185,Food,Snacks,9,362.97,235.6,127.37,35.09
920,Apr,Midwest,MN,Customer_69,Health,Bandage,23,1910.3,1413.6,496.7,26.0
921,Nov,West,WA,Customer_131,Office,Ink,30,1505.63,800.74,704.89,46.82
922,Sep,South,NC,Customer_167,Software,Analytics,1,303.39,188.29,115.1,37.94
923,Dec,South,GA,Customer_189,Furniture,Chair,9,5083.78,2438.01,2645.77,52.04
924,Mar,North,PA,Customer_210,Sports,Tracker,14,1604.43,1157.34,447.09,27.87
925,Nov,South,TX,Customer_68,Clothing,Shoes,24,2161.82,1025.49,1136.33,52.56
926,Sep,East,DE,Customer_21,Electronics,Tablet,31,11160.46,5535.27,5625.19,50.4
927,Aug,South,GA,Customer_2,Office,Paper,21,1030.38,639.1,391.28,37.97
928,Apr,Midwest,MN,Customer_51,Furniture,Desk,37,19151.73,14457.28,4694.45,24.51
929,Feb,North,MA,Customer_30,Office,Ink,13,734.81,572.2,162.61,22.13
930,Jul,East,MD,Customer_147,Software,Security,8,2364.29,1197.41,1166.88,49.35
931,Jul,West,CA,Customer_42,Health,Bandage,9,1053.31,500.87,552.44,52.45
932,Nov,South,FL,Customer_53,Office,Printer,16,863.87,487.71,376.16,43.54
933,Aug,East,DC,Customer_17,Furniture,Chair,38,20183.14,8610.02,11573.12,57.34
934,Nov,North,NY,Customer_62,Furniture,Cabinet,38,17741.01,13776.65,3964.36,22.35
935,Jun,West,NV,Customer_77,Clothing,Jacket,14,1080.77,681.26,399.51,36.97
936,Aug,South,NC,Customer_189,Office,Printer,5,287.28,166.03,121.25,42.21
937,Dec,East,DC,Customer_182,Health,Protein,32,3839.04,1673.57,2165.47,56.41
938,Aug,East,VA,Customer_137,Office,Printer,20,1044.29,627.71,416.58,39.89
939,Feb,North,MA,Customer_90,Office,Stapler,31,1700.81,1047.94,652.87,38.39
940,Jul,Midwest,OH,Customer_161,Office,Paper,36,1669.18,927.51,741.67,44.43
941,Mar,East,DC,Customer_127,Sports,Tracker,39,5139.3,2168.43,2970.87,57.81
942,Mar,South,TX,Customer_85,Food,Meals,25,757.18,476.09,281.09,37.12
943,Oct,Midwest,IL,Customer_177,Food,Tea,3,121.82,57.6,64.22,52.72
944,Oct,Midwest,IL,Customer_107,Software,Analytics,32,7835.91,5953.12,1882.79,24.03
945,Jun,South,TX,Customer_125,Food,Coffee,18,560.13,389.18,170.95,30.52
946,Sep,North,MA,Customer_107,Office,Paper,33,2162.63,1478.59,684.04,31.63
947,Feb,North,NY,Customer_209,Sports,Tracker,15,1623.67,1217.43,406.24,25.02
948,Aug,East,DC,Customer_33,Clothing,Shoes,4,413.16,280.26,132.9,32.17
949,Apr,Midwest,MN,Customer_123,Clothing,Shirt,18,1582.47,727.77,854.7,54.01
950,May,South,TX,Customer_153,Furniture,Cabinet,4,1554.15,1018.79,535.36,34.45
951,Apr,South,NC,Customer_3,Clothing,Shoes,10,769.03,546.95,222.08,28.88
952,Jun,East,DC,Customer_119,Electronics,Phone,5,1601.56,823.4,778.16,48.59
953,Mar,East,VA,Customer_130,Clothing,Shirt,14,1480.81,868.94,611.87,41.32
954,Feb,East,DE,Customer_202,Sports,Tracker,12,1119.85,586.14,533.71,47.66
955,Jul,North,NJ,Customer_193,Furniture,Desk,6,2549.67,1943.88,605.79,23.76
956,Apr,North,MA,Customer_83,Food,Snacks,6,236.53,166.94,69.59,29.42
957,Sep,East,VA,Customer_139,Electronics,Tablet,33,9805.92,6222.31,3583.61,36.55
958,Aug,East,VA,Customer_31,Sports,Ball,26,2439.76,1071.99,1367.77,56.06
959,May,Midwest,IL,Customer_32,Sports,Weights,31,4358.67,2223.07,2135.6,49.0
960,Aug,North,MA,Customer_2,Food,Coffee,40,1213.88,854.88,359.0,29.57
961,Dec,North,NY,Customer_68,Furniture,Chair,37,15933.4,11801.61,4131.79,25.93
962,Feb,North,PA,Customer_47,Food,Snacks,39,1164.15,670.43,493.72,42.41
963,Sep,Midwest,IL,Customer_57,Furniture,Desk,12,5677.75,2551.68,3126.07,55.06
964,Feb,East,DC,Customer_92,Health,Monitor,31,3586.47,2277.3,1309.17,36.5
965,Apr,North,NJ,Customer_174,Electronics,Phone,28,10111.72,5672.05,4439.67,43.91
966,Oct,West,WA,Customer_150,Electronics,Phone,31,8748.08,4160.95,4587.13,52.44
967,Sep,East,DC,Customer_162,Office,Stapler,6,311.64,160.41,151.23,48.53
968,Sep,North,MA,Customer_62,Health,Monitor,23,2107.95,991.83,1116.12,52.95
969,May,East,MD,Customer_151,Software,CRM,40,8448.69,6225.24,2223.45,26.32
970,Nov,East,DC,Customer_175,Office,Ink,20,1064.92,591.08,473.84,44.5
971,Feb,West,CA,Customer_133,Furniture,Chair,17,8337.35,4435.06,3902.29,46.8
972,Nov,Midwest,MN,Customer_121,Office,Stapler,2,128.11,67.14,60.97,47.59
973,Aug,North,NJ,Customer_83,Health,Vitamins,23,2797.12,1264.18,1532.94,54.8
974,Jan,Midwest,MN,Customer_196,Sports,Shoes,11,969.77,418.3,551.47,56.87
975,Dec,West,CA,Customer_99,Electronics,Laptop,29,11837.51,5050.5,6787.01,57.33
976,Mar,North,PA,Customer_140,Furniture,Desk,11,4140.69,3025.76,1114.93,26.93
977,Nov,North,PA,Customer_88,Office,Stapler,10,539.18,342.23,196.95,36.53
978,Jun,North,NY,Customer_27,Furniture,Sofa,39,17821.17,8682.93,9138.24,51.28
979,Jun,South,NC,Customer_37,Electronics,Tablet,7,2052.54,1521.94,530.6,25.85
980,Sep,West,AZ,Customer_83,Office,Paper,12,788.0,574.13,213.87,27.14
981,Dec,South,NC,Customer_170,Sports,Weights,20,2794.86,1649.63,1145.23,40.98
982,May,West,AZ,Customer_41,Food,Coffee,19,692.93,459.73,233.2,33.65
983,Feb,East,DE,Customer_198,Electronics,Phone,20,5673.27,2582.11,3091.16,54.49
984,Mar,East,VA,Customer_206,Health,Monitor,14,1411.0,688.16,722.84,51.23
985,Dec,West,WA,Customer_219,Software,Analytics,8,2480.43,1510.88,969.55,39.09
986,Dec,West,NV,Customer_142,Clothing,Shoes,2,212.78,119.49,93.29,43.84
987,May,Midwest,IL,Customer_126,Sports,Shoes,16,1657.02,1189.32,467.7,28.23
988,Nov,South,TX,Customer_66,Software,ERP,1,287.53,159.23,128.3,44.62
989,Feb,Midwest,MI,Customer_140,Office,Stapler,33,2137.88,953.13,1184.75,55.42
990,Jun,North,MA,Customer_172,Electronics,Monitor,17,7261.6,5206.92,2054.68,28.3
991,Jan,East,VA,Customer_155,Sports,Weights,33,3108.4,1419.24,1689.16,54.34
992,May,North,NY,Customer_94,Office,Printer,18,1215.12,899.64,315.48,25.96
993,Dec,Midwest,OH,Customer_100,Furniture,Chair,28,12356.28,6879.93,5476.35,44.32
994,Jun,Midwest,MI,Customer_202,Food,Snacks,36,1416.03,937.92,478.11,33.76
995,Feb,West,CA,Customer_129,Food,Tea,31,1338.46,569.14,769.32,57.48
996,Oct,South,GA,Customer_34,Sports,Shoes,24,3202.39,2281.77,920.62,28.75
997,Jun,South,NC,Customer_18,Clothing,Pants,21,1857.63,1290.74,566.89,30.52
998,Apr,East,DE,Customer_16,Electronics,Laptop,30,10120.57,4539.85,5580.72,55.14
999,Mar,East,DE,Customer_137,Sports,Ball,14,1717.45,1000.88,716.57,41.72
1000,Aug,Midwest,MI,Customer_53,Office,Printer,10,585.63,264.46,321.17,54.84
